N,종목명,닉네임,작성시간,제목,내용,크롤링일자,형태소,긍정_형태소_수,부정_형태소_수,중립_형태소_수,감성_점수,감성,신뢰도
1,글로벌에스엠,빛의속도,방금 전,지금 떨어지면 회복 불가능이다,완전 복구 불구능,2026-02-11 13:41:02,"완전, 복구, 불구능",0,0,3,0,중립,0.0
2,아크릴,파슈파티,방금 전,시총 10조면 주당 100만원?!,달나라 렛츠고!!,2026-02-11 13:41:02,"달나라, 렛츠고",0,0,2,0,중립,0.0
3,LG,Kospi5000,방금 전,오후에는 하락입니다. 괜히 기분만 설례였군..,기관 & 외국인 올리고 매도 실시..,2026-02-11 13:41:02,"기관, 외국인, 올리고, 매도, 실시",0,1,4,-1,부정,0.2
4,갤럭시아머니트리,선무당때려잡기,방금 전,투자 풍월: 상한가+10~20% 상승가능성,선무당의 주식 판타지 소설^^,2026-02-11 13:41:02,"선무당의, 주식, 판타지, 소설",0,0,4,0,중립,0.0
5,와이씨,재미있는주가계산쉐프,방금 전,달려라,위로 좀 올라가자,2026-02-11 13:41:02,"위로, 올라가자",1,0,1,2,긍정,0.5
6,현대차,월천대사ㅎ만세,방금 전,설레발 치지말고,관세 해결 되고 나서 큰소리로 치라고... 트럼프 관세는 가장 큰 리스크가 임...,2026-02-11 13:41:02,"관세, 해결, 되고, 나서, 큰소리로, 치라고, 트럼프, 관세는, 가장, 리스크가",0,1,9,-1,부정,0.1
7,DSR,donggagguli,방금 전,간만에 거래 좀 되는,오늘 5만주 만 넘기자,2026-02-11 13:41:03,"오늘, 만주, 넘기자",0,0,3,0,중립,0.0
8,노타,피리부는가시나,방금 전,앗싸 아크릴...,ㅋㅋㅋㅋ ㅋ,2026-02-11 13:41:03,,0,0,0,0,중립,0.0
9,삼성전자,쾌활한패턴관망가,방금 전,설 연휴전에 20만원 찍고 연휴기간 기분좋게 쉬고 올께요,주주 여러분 설 연휴전에 20만원 찍고 기분좋은 연휴되세요,2026-02-11 13:41:04,"주주, 여러분, 연휴전에, 만원, 찍고, 기분좋은, 연휴되세요",1,0,6,1,긍정,0.143
10,제이앤티씨,shgh,방금 전,초오옷 같네,쫌 가즈아 🔥🙌😎,2026-02-11 13:41:04,가즈아,1,0,0,2,긍정,1.0
11,SK하이닉스,갈매기사랑,방금 전,HBM4부터는 삼전이 주도권,공급도 그렇고 주가도 그렇고~~!,2026-02-11 13:41:05,"공급도, 그렇고, 주가도, 그렇고",0,0,4,0,중립,0.0
12,셀트리온,유연한주가추세용사,방금 전,모레 추가상장 하는데 악재아냐?,모레 추가상장하면 떨어질거같은데 형들 어떻게 생각해?,2026-02-11 13:41:06,"모레, 추가상장하면, 떨어질거같은데, 형들, 생각해",0,1,4,-2,부정,0.2
13,삼양바이오팜,발췌,방금 전,이번주 20먼원터치,투자는ㅏㄱ자의몫 단타금지ㅣ그간돌입,2026-02-11 13:41:07,"투자는, 자의몫, 단타금지, 그간돌입",0,0,4,0,중립,0.0
14,휴젤,방가방가1,방금 전,다들 2시부터 긴장하세요,"실적 나오니, 매도 버튼 준비도 하시고요. 하회 하면 대응하기 힘들게 던집니다 그냥 -10% 가격에 매도 쳐버림. 11월4일 있었던일",2026-02-11 13:41:08,"실적, 나오니, 매도, 버튼, 준비도, 하시고요, 하회, 하면, 대응하기, 힘들게",0,2,14,-2,부정,0.125
15,SK하이닉스,신중한익절나비,방금 전,삼전에 밀리는게 아니라..,삼전이 언론플레이 엄청하구... 닉스는 잠수함 마냥 언론공시자제중이니까요.. 이게 마치 삼전이 더 핫하게 보일수 있는거지요.. 다만 보이는게 다가 아니죠.. 주가가 안빠지는데 그 만한 이유가 있는것입니다..,2026-02-11 13:41:09,"삼전이, 언론플레이, 엄청하구, 닉스는, 잠수함, 마냥, 언론공시자제중이니까요, 이게, 마치, 삼전이",0,2,20,-2,부정,0.091
16,신풍제약,wes9999x,방금 전,기렉같은 회사의 잡주...!!,할말을 잃었다.,2026-02-11 13:41:09,"할말을, 잃었다",0,0,2,0,중립,0.0
17,지엔씨에너지,쿄콩,방금 전,뺄때 스텝이..,앞으로 1.5걷다가..뒤고 2걸음씩 빼네.. 가랑비에 옷 젖는 느낌으로 ㅎㅎㅎ,2026-02-11 13:41:10,"앞으로, 걷다가, 뒤고, 걸음씩, 빼네, 가랑비에, 젖는, 느낌으로",0,0,8,0,중립,0.0
18,현대바이오,바다꾼,방금 전,견,신한공견들 악의축이넹 피똥사길,2026-02-11 13:41:10,"신한공견들, 악의축이넹, 피똥사길",0,0,3,0,중립,0.0
19,파트론,자앗자앗,방금 전,신고가 너에겐 그림의 떡이다,도도리가 적격이어라,2026-02-11 13:41:10,"도도리가, 적격이어라",0,0,2,0,중립,0.0
20,엔투텍,고무통과드럼통,방금 전,어이,니친구 앱튼은 나가리인데 니는 왜오르노 마지막 불꽃이가 마,2026-02-11 13:41:11,"니친구, 앱튼은, 나가리인데, 니는, 왜오르노, 마지막, 불꽃이가",0,0,7,0,중립,0.0
21,현대차,사교적인매도히어로,방금 전,대박이긴한듯,".,.,.,.,...... 덕분에 감사합니다 .,.,.,.,......",2026-02-11 13:41:11,"덕분에, 감사합니다",0,0,2,0,중립,0.0
22,카카오페이,따뜻한시황가족,방금 전,물량 쌓아놓고…,저가매수하고 있는듯하네...,2026-02-11 13:41:11,"저가매수하고, 있는듯하네",1,0,1,1,긍정,0.5
23,아세아제지,진짜주주환원은,방금 전,쓰레기 탄거로 폭락하네. 피해액도 없다는데,회사전화하니 피해도 전무하다는덕 뉴스하나로 폭락하네,2026-02-11 13:41:12,"회사전화하니, 피해도, 전무하다는덕, 뉴스하나로, 폭락하네",0,2,3,-5,부정,0.4
24,씨엔플러스,Ric,방금 전,다른데 가서 놀아여 이거 시세 끝났다고 어제 이야기 해줌,이거 붙잡고 있어봐야 시세 안줘요 ㅋㅋㅋㅋ,2026-02-11 13:41:12,"이거, 붙잡고, 있어봐야, 시세, 안줘요",0,1,4,-1,부정,0.2
25,세미파이브,마이스터강,방금 전,이건 걔잡주여 이게 무슨 시총 구천억이냐,ㅋㅋㅋㅋㅋㅋ진짜 움직임보면 사면 잣되는구나 알지,2026-02-11 13:41:12,"진짜, 움직임보면, 사면, 잣되는구나, 알지",0,0,5,0,중립,0.0
26,글로벌에스엠,테리요미,방금 전,사요나라 ㅋㅋㅋㅋ 잣뎄다 진짜,끝 잘먹고갑니다 꺼억,2026-02-11 13:41:13,"잘먹고갑니다, 꺼억",1,0,1,1,긍정,0.5
27,브리지텍,신입,방금 전,예상보다,물량이 별로 없네요? 다들 만원 저 위를 보는건가요?ㅎ,2026-02-11 13:41:13,"물량이, 별로, 없네요, 다들, 만원, 위를, 보는건가요",0,1,6,-1,부정,0.143
28,센코,솔직한판단아이콘,방금 전,위에 매물 많긴한가봐 ㅋㅋ,바로 던져버리네 ㅋㅋ,2026-02-11 13:41:13,"바로, 던져버리네",0,0,2,0,중립,0.0
29,스맥,블랙호,방금 전,이번엔 며칠 빠질까요 ?????,이번에도 6천원 아래로 추락할까요? 아마 설전에 폭락 함 올듯... 그래야 미치거던여..,2026-02-11 13:41:14,"이번에도, 천원, 아래로, 추락할까요, 아마, 설전에, 폭락, 올듯, 그래야, 미치거던여",0,1,9,-3,부정,0.1
30,우리기술,흐뭇한종목시세번역가,방금 전,오늘 도움주셔서 감사합니다~!ㅎㅎ,:' 들어온지는 며칠 안됐지만.. 감사드립니다ㅎㅎ.. :',2026-02-11 13:41:14,"들어온지는, 며칠, 안됐지만, 감사드립니다",0,1,3,-1,부정,0.25
31,에이비엘바이오,마을촌장,방금 전,상한가로 간 놈은 굳건하게 지키고 있는데..,상한가 간다고 같이 갈 것처럼 하더니 요게 뭐야? 그릇이 너무 작다...,2026-02-11 13:41:15,"상한가, 간다고, 같이, 것처럼, 하더니, 요게, 뭐야, 그릇이, 너무, 작다",1,0,9,3,긍정,0.1
32,엘브이엠씨홀딩스,가보자주식,방금 전,내가 머라했냐 엘브는 4월부터다,이건 가망없는주다 1200원에 매수,2026-02-11 13:41:15,"이건, 가망없는주다, 원에, 매수",1,1,2,0,중립,0.5
33,SK하이닉스,주달맛집,방금 전,메릴린치야 너... 린치 한번 당해볼래~~!!!!!!!!!!!,"형이 손목아지 조심하랬지~~ ??? 공매 치려면, 이런 우량주는 건들지마라.. 몽아~~!!!!!1",2026-02-11 13:41:16,"형이, 손목아지, 조심하랬지, 공매, 치려면, 이런, 우량주는, 건들지마라, 몽아",0,1,8,-1,부정,0.111
34,현대차,수석팀장뽕브라,방금 전,반도체 소부장 조벙박을때 전고점 뚫자,3주 오르고 3주 조정 받았다 이제 올라가자 80넘어간다,2026-02-11 13:41:16,"오르고, 조정, 받았다, 이제, 올라가자, 넘어간다",1,1,4,1,긍정,0.333
35,이마트,대주거래자입니다,방금 전,혹시 이마트 코인인가요?,비트코인보다 핫하네요~,2026-02-11 13:41:17,"비트코인보다, 핫하네요",0,0,2,0,중립,0.0
36,LG전자,알바척살자,방금 전,진짜 더러워서 쥐꼬리만큼 먹고 간다,니가 그러니까 4위인거야. 망길만 남은거 아니냐?,2026-02-11 13:41:17,"니가, 그러니까, 위인거야, 망길만, 남은거, 아니냐",0,2,4,-4,부정,0.333
37,엘브이엠씨홀딩스,rlt,방금 전,‘60조 유령코인 사태’ 금융당국 감독 소홀·빗썸 내부통제 한계 드러나,"가상자산 거래소 빗썸의 60조원 규모 비트코인(BTC) 오지급 사태가 시스템 고도화 과정에서 발생한 기본적인 내부통제 부재 때문인 것으로 드러났다. 국회 정무위원회는 11일 긴급 현안질의를 열고 빗썸의 전산 시스템 취약성과 금융위원회·금융감독원 등 당국의 감독 소홀을 강하게 질타했다. 금융당국은 이번 사태를 계기로 거래소 등 가상자산 사업자에 금융회사 수준의 내부통제 의무를 부과하는 등 제도개선에 착수했다. 이날 현안질의 핵심은 빗썸의 내부통제 시스템이 왜 작동하지 않았느냐에 집중됐다. 이재원 빗썸 대표는 “거래소 운영 시스템 고도화 과정에서 기존에 탑재됐던 다중결제 시스템이 누락된 채 사고가 발생했다”며 “이벤트 설계 시 지급 한도 계정을 분리하지 못한 점도 인정한다”고 말했다. 앞서 지난 6일 발생한 사고로 오지급된 물량은 62만 BTC로, 당시 시세 기준 약 60조 원에 달한다. 빗썸이 실제 보유한 비트코인(약 4만2000개)의 15배에 달하는 ‘유령코인’이 장부상 발행된 셈이다. 더불어민주당 박상혁 의원의 “이론상 1000만 BTC도 오지급될 수 있었느냐”는 질의에 이 대표는 “이론상 그렇다”고 답해 시스템적 방어선이 부실했음을 시인했다. 금융당국의 안일한 감독체계도 비판의 대상이 됐다. 빗썸은 지난 2024년 7월 가상자산이용자보호법 시행 이후 수차례 점검을 받았으나, 이번 사고의 단초가 된 내부통제 취약점은 사전에 걸러지지 않았다. 민주당 김남근 의원은 “업비트 등 다른 거래소는 5분 단위 실시간 대사 시스템을 운영 중인데 빗썸은 하루 단위로 확인하고 있었다”며 “금융당국이 이런 격차를 왜 방치했느냐”고 질타했다. 이에 이찬진 금융감독원장은 “현행법상 내부통제 기준에 대한 강제력이 없는 제도적인 한계가 있다”면서도 “빗썸에 대해 10일부터 현장검사로 전환해 자금세탁방지 의무 위반 등을 면밀히 점검 중”이라고 밝혔다. 정부는 이번 사태를 ‘가상자산 시장 신뢰를 무너뜨린 엄중한 사건’으로 규정하고 고강도 제도 개선안을 내놨다. 권대영 금융위원회 부위원장은 업무보고를 통해 “금융사에 준하는 내부통제기준 마련을 의무화하고, 전산 사고 발생 시 거래소에 무과실 손해배상 책임을 부과하는 방안을 2단계 법안에 반영하겠다”고 보고했다. 주요 대책으로는 △외부 기관의 주기적인 가상자산 보유현황 점검 의무화 △실시간 자산 대사 시스템(POR) 도입 유도 △고액 거래 발생 시 이상거래탐지(STR) 체계 강화 등이 포함됐다. 특히 민주당 민병덕 의원 등이 지적한 ‘지급의무 확인제(POL)’ 등 기술적인 안전장치 도입도 적극 검토될 전망이다. 사후 수습도 난항이 예상된다. 빗썸은 현재 오지급된 62만 BTC 중 매도된 1788개(약 130억원 상당)를 아직 회수하지 못했다. 빗썸 측은 “미회수 물량은 회사 고유자산으로 우선 매입해 정합성을 맞췄다”고 설명했으나, 사고 직후 발생한 가격 급락(패닉셀)과 강제 청산 피해자들에 대한 구체적인 보상 범위 확정을 두고 진통이 이어질 전망이다.",2026-02-11 13:41:17,"가상자산, 거래소, 빗썸의, 조원, 규모, 비트코인, 오지급, 사태가, 시스템, 고도화",4,22,278,-27,부정,0.086
38,파미셀,오늘도개털이군,방금 전,선행스펜 빠저 나온다,그때는 늦으리 ㅋㅋㅋㅋ,2026-02-11 13:41:18,"그때는, 늦으리",0,0,2,0,중립,0.0
39,SK바이오사이언스,Ykk,방금 전,Sk개바사,불나서 없어지길 기원 26일 차. 사기꾼 회사야. ㅋ 수주 능력도 없고 기술도 없고 사기꾼이 하는짓? 남들 개발해 놓은거에 발 담그고 ㅋ 개나 소나 돈있으면 다하는 임상이나 대신 해주고 ㅋ 지들이 뭔 실력이나 있는것 처럼 자랑 질이나 하면서 다음 사기칠 밑 그림 그리겠지. 왜 ? 남은 돈이 3000억 정도겠지 ㅋ 1년 안에 주주님들 한테사기쳐야 ㅋ 또 몇년 호의호식하며 살테니까.,2026-02-11 13:41:18,"불나서, 없어지길, 기원, 사기꾼, 회사야, 수주, 능력도, 없고, 기술도, 없고",2,4,37,0,부정,0.14
40,에이프로젠,행복한남자,방금 전,주식 없는 king구라쟁이(구:주식king),에젠 685원 25만주 보유자라고 해서 인증요청 어제 추매한 내역 인증 그리고 현재 오늘 에젠 보유주식 및 평잔 인증 하세요~ 이것들 글 살지러 아는거냐~ㅋㅋㅋㅋ 에젠 포토샵 돌리고 있남~ㅋㅋㅋㅋ,2026-02-11 13:41:18,"에젠, 만주, 보유자라고, 해서, 인증요청, 어제, 추매한, 내역, 인증, 그리고",0,0,24,0,중립,0.0
41,인스웨이브,한화오션대주주,방금 전,피씨방에 사발면이나 납품해라,뻘짖 그만하고,2026-02-11 13:41:18,"뻘짖, 그만하고",0,0,2,0,중립,0.0
42,더본코리아,커여운까미,방금 전,코스피에 어묵을 넣지말라는 법이 있을까?,고정관념을 깨란 말이쥬~,2026-02-11 13:41:19,"고정관념을, 깨란, 말이쥬",0,0,3,0,중립,0.0
43,제주은행,찢두로를재판하라,방금 전,은행주 단타처먹는 유일한 넘,잡주은행 써글,2026-02-11 13:41:19,"잡주은행, 써글",0,0,2,0,중립,0.0
44,대창,123345,방금 전,영업이익 500억 넘음 ㄷㄷ 60%이상 상승,매출1.5조육박,2026-02-11 13:41:19,"매출, 조육박",0,0,2,0,중립,0.0
45,포스코퓨처엠,공감하면엄지척,방금 전,유진,이기업은 또 뭐냐 이것도 공매기업이네,2026-02-11 13:41:19,"이기업은, 뭐냐, 이것도, 공매기업이네",0,0,4,0,중립,0.0
46,센코,peterlch,방금 전,f휴머노이드 로봇의 진화,시각 청각 후각 촉각 다가져야 인간형 로봇이 됨,2026-02-11 13:41:19,"시각, 청각, 후각, 촉각, 다가져야, 인간형, 로봇이",0,0,7,0,중립,0.0
47,이마트,다담이,방금 전,좀 심하다,600프로가 애들 장난이냐 근데 기관하고 연기금은 뭐하는거야 방어안하고,2026-02-11 13:41:20,"프로가, 애들, 장난이냐, 근데, 기관하고, 연기금은, 뭐하는거야, 방어안하고",0,1,7,-1,부정,0.125
48,보성파워텍,나그네007,방금 전,제미나이에게 물었다.,오늘 1만원 안착시도. 우리기술 상 안풀리면 20% 전후에서 보성 마감.,2026-02-11 13:41:20,"오늘, 만원, 안착시도, 우리기술, 안풀리면, 전후에서, 보성, 마감",0,2,6,-2,부정,0.25
49,삼화페인트,투투가인,방금 전,인제는 대놓고 패네,페이크 없이?,2026-02-11 13:41:20,"페이크, 없이",0,1,1,-1,부정,0.5
50,삼성전자,11만전자,방금 전,비트코인 5만달러 붕괴 직전,코인매도해서 삼성전자 매수대기자금으로 유입될듯,2026-02-11 13:41:20,"코인매도해서, 삼성전자, 매수대기자금으로, 유입될듯",1,1,2,0,중립,0.5
51,알테오젠,햇살같은수익원리구루,방금 전,배당 말들이 많은데 그래도 이득아닌가,원래 주기로 했던거도 아니고 배당 챙겨준다는데 300원도 돈인데 없는거 보단 낫지 않나요?? 많이 챙겨주겠다 하고 적게 주는거도 아니고 경영진 횡보는 실망스럽지만 확실하게 깔 거만 깝시다 3월전후로 주주부양정책 나오겟죠 뭐,2026-02-11 13:41:26,"원래, 주기로, 했던거도, 아니고, 배당, 챙겨준다는데, 원도, 돈인데, 없는거, 보단",1,5,21,-4,부정,0.222
52,NAVER,영식,방금 전,3차법안 이제 시작이다,안전벨트 메고 5일선 안착했지 다음 은 ?,2026-02-11 13:41:27,"안전벨트, 메고, 일선, 안착했지, 다음",0,2,3,-2,부정,0.4
53,현대지에프홀딩스,30대은퇴자,방금 전,현대홈쇼핑을 완전자회사로 편입하네,이게 웬 떡이냐,2026-02-11 13:41:27,"이게, 떡이냐",0,0,2,0,중립,0.0
54,기업은행,돌멩잇,방금 전,신한은 항상 왜 저래,ㅉ분탕질ㅉ,2026-02-11 13:41:27,분탕질,0,0,1,0,중립,0.0
55,SG,수온이디,방금 전,뜽싸고있네,여섯줄 이상 글쓰지마라 읽기 짜증난다 쓰읍 또 빠진다 거냐안거냐 요것은 안오른다 구찌가 큰 기계로가라 거냐안거냐 괘퐌히구나 채대2580원 오늘 채소 십프로하락이다,2026-02-11 13:41:27,"여섯줄, 이상, 글쓰지마라, 읽기, 짜증난다, 쓰읍, 빠진다, 거냐안거냐, 요것은, 안오른다",1,4,13,-4,부정,0.278
56,비츠로시스,뻑,방금 전,너도 원전주,가즈아~~~,2026-02-11 13:41:27,가즈아,1,0,0,2,긍정,1.0
57,보성파워텍,베스트원은,방금 전,지가 Nxt 인줄,니 주제를 알아라,2026-02-11 13:41:28,"주제를, 알아라",0,0,2,0,중립,0.0
58,동양고속,고수되고파,방금 전,순간 날아갑니다,보세요 쏩니다,2026-02-11 13:41:28,"보세요, 쏩니다",0,0,2,0,중립,0.0
59,삼성전자,gotde,방금 전,외인들이 개미들 물량 싹쓸어 담아가고 있어요,"HBM4 대 성공에 이어서 여기에 더해 2,5배 빠른 기술 특허 출원까지",2026-02-11 13:41:28,"성공에, 이어서, 여기에, 더해, 빠른, 기술, 특허, 출원까지",1,0,7,2,긍정,0.125
60,엑스페릭스,기쁜차트맛영웅,방금 전,확인 하셔야 됩니다,331214,2026-02-11 13:41:28,,0,0,0,0,중립,0.0
61,로킷헬스케어,금수산도령님,방금 전,지금62500원지지가격 무너지면,"61,000원에 기다리겠소~",2026-02-11 13:41:28,"원에, 기다리겠소",0,0,2,0,중립,0.0
62,미래에셋벤처투자,그냥그냥그레,방금 전,시원하게,"내려와라~ 19,000원 매수 대기중.",2026-02-11 13:41:28,"내려와라, 매수, 대기중",1,1,1,-1,부정,0.667
63,현대ADM,WTOP,방금 전,"차트로 오늘 종가 4450원 지키면, 내일 상한가 가능",암 완전관해 재료가 진짜라면 주가는 더 강해야~,2026-02-11 13:41:29,"완전관해, 재료가, 진짜라면, 주가는, 강해야",0,0,5,0,중립,0.0
64,이마트,ㅎㄹㄹㄹ,방금 전,공매 8백만원 수익마감. 욕봐라. ㅋㅋㅋ,아 꼬셔꼬셔 ㅋㅋㅋㅋ,2026-02-11 13:41:29,꼬셔꼬셔,0,0,1,0,중립,0.0
65,OCI홀딩스,우르르쾅콩,방금 전,"실적이 잘나올수가 없다,","반도체쪽 예상치 하회, 건설쪽 적자예상됨, 발전쪽도 적자예상됨 태양광이 그나마 회복이긴한데 예상치대비로 크게 나아지긴어려움, 이미 예상이익이 300~500억이라는데,,, 태양광혼자서 이익700억해줘야되는데 되것냐?",2026-02-11 13:41:29,"반도체쪽, 예상치, 하회, 건설쪽, 적자예상됨, 발전쪽도, 적자예상됨, 태양광이, 그나마, 회복이긴한데",2,2,16,0,중립,0.2
66,엑스페릭스,깅가,방금 전,한번 더 알려줄테니 다들 말 들으렴,내일 무조건 떨어질거같은데~ 오늘 팔고 금욜쉬고 담주에 들어가라,2026-02-11 13:41:29,"내일, 무조건, 떨어질거같은데, 오늘, 팔고, 금욜쉬고, 담주에, 들어가라",0,1,7,-2,부정,0.125
67,롯데하이마트,사루안,방금 전,크흠...,"소매유통 관련주 다른 놈 오를 때 빌빌거리더니 내 한번은 쏠 줄 알았다ㅋㅋㅋ 근데, 후루룩 말아올리고 끝이네?? 망할놈 피뢰침 봐라ㅋㅋㅋㅋㅋㅋㅋ 다행히 걸어놓은 거 팔림",2026-02-11 13:41:29,"소매유통, 관련주, 다른, 오를, 빌빌거리더니, 한번은, 알았다, 근데, 후루룩, 말아올리고",1,2,14,-2,부정,0.176
68,카카오페이,Im,방금 전,캬 꿈틀대는거바라,상한가네요 ㅋㅋ,2026-02-11 13:41:29,상한가네요,1,0,0,3,긍정,1.0
69,현대건설,반도체대세1등주,방금 전,"★ 현대건설: 5배 폭등: 이젠 장기간, 폭락 불가피!","★ 현대건설: 5배 폭등: 이젠 장기간, 폭락 불가피! 5배 폭등에 따른 폭락 시점: 너무 올라 고평가: 하락! ----------------------------------------------------------------------------------------------- ★ 반도체) 엔비디아 3일간 12% 폭등: 삼성전자 10% 폭등 전망: 매수 적기 AI수요 폭증: 반도체 제조업체만 폭등: 삼성전자 대박 1. 삼성전자: 자사주 3.6조 매입(2200만주): 대박: 매수 - 기간: 1월30~4월29: 보통주만 매수: 보통주 매수 유리 - 1일 100만주씩 매수: 지난번 자사주 매수시 급등 했음 2. 삼성전자: 26년 영업이익 245조: 목표가 30만원: 매수 - 엔비디아 영업이익 120조(시총 6600조): 세계 시총 1위 - 삼성전자 영업이익 245조(시총 981조): 70만원 적정가 3. 삼성전자: 엔비디아+AMD+구글 HBM 모두납품: 대박 - 엔비디아 HBM 신규 납품: 200조원 전망: 매출 폭발 - AMD+구글 HBM 납품: 100조원 전망: 폭등 청신호 반도체 D램 가격: 25년 7배 폭등: 26년 100% 또 오른다 반도체 수요급증, 반도체 없어서 못판다: 폭등 사유 충분 ★ 삼성전자: HBM+파운드리+휴대폰(3개업황): 다 좋다 목표가 30만원으로 본, 지금은 저가 매수 절호의 기회!",2026-02-11 13:41:30,"현대건설, 폭등, 이젠, 장기간, 폭락, 불가피, 폭등에, 따른, 폭락, 시점",27,8,71,38,긍정,0.33
70,HJ중공업,전은경,방금 전,상잡주,잡주중에. 최상위잡주구나,2026-02-11 13:41:30,"잡주중에, 최상위잡주구나",0,0,2,0,중립,0.0
71,아크릴,맹구친구영구,방금 전,풍악을 울려라아아아~~~~~,쏴리질러~~~~~^^,2026-02-11 13:41:30,쏴리질러,0,0,1,0,중립,0.0
72,아크릴,몽실통통통,방금 전,다음 타자 뉴로핏,대기 중,2026-02-11 13:41:30,대기,0,0,1,0,중립,0.0
73,다스코,232528,방금 전,이거 명박이 회사 아닌가?,허허허허허,2026-02-11 13:41:30,허허허허허,0,0,1,0,중립,0.0
74,아크릴,포카AAAAAAA,방금 전,따따따블~~~,따따블 따따블 ~~~~,2026-02-11 13:41:31,"따따블, 따따블",0,0,2,0,중립,0.0
75,대창,나는30푸로쩜상묵는상따다,방금 전,실적공시뜨자마자마자시장가로질러서vi만들엇다ㅋㅋㅋㅋㅋㅋㅋㅋㅋㅋㅋㅋㅋㅋㅋㅋㅋㅋㅋㅋㅋㅋㅋㅋㅋㅋ,이빠이먹고나가게이빠이처올려라 ㅋㅋㅋㅋㅋㅋㅋㅋㅋㅋㅋㅋㅋㅋㅋㅋㅋㅋ,2026-02-11 13:41:31,이빠이먹고나가게이빠이처올려라,0,0,1,0,중립,0.0
76,제일바이오,조용하게하자,방금 전,전재산 몰빵 완료 ㅋㅋㅋㅋㅋㅋㅋㅋㅋㅋㅋㅋㅋㅋㅋㅋㅋㅋㅋㅋㅋㅋㅋㅋㅋㅋㅋㅋㅋㅋㅋㅋㅋㅋㅋㅋㅋ,ㅋㅋㅋㅋㅋㅋㅋㅋㅋㅋㅋㅋㅋㅋㅋㅋㅋㅋㅋㅋㅋㅋㅋㅋㅋㅋㅋㅋㅋㅋㅋㅋㅋㅋㅋㅋㅋ,2026-02-11 13:41:31,,0,0,0,0,중립,0.0
77,티엑스알로보틱스,노숙,방금 전,고점에,물리고 손절하고 떠난다 그지같은거,2026-02-11 13:41:31,"물리고, 손절하고, 떠난다, 그지같은거",0,1,3,-2,부정,0.25
78,샌디스크,우주콩,방금 전,-17퍼,버티면 올까요? 아님 물을 어디쯤에서 탈까요? 고견 부탁드립니다,2026-02-11 13:41:31,"버티면, 올까요, 아님, 물을, 어디쯤에서, 탈까요, 고견, 부탁드립니다",0,0,8,0,중립,0.0
79,삼영,해박한정보수사관,방금 전,오늘ㅎ ㅏ 루종일 48% 먹었네요,1412 11111111111111111111,2026-02-11 13:41:31,,0,0,0,0,중립,0.0
80,현대바이오,진성산업개발,방금 전,진짜 신한이랑 후준이,예전에 컨퍼런스 신한이 후원 ㅋㅋ. 둘이. 다 해먹엇나,2026-02-11 13:41:32,"예전에, 컨퍼런스, 신한이, 후원, 둘이, 해먹엇나",0,0,6,0,중립,0.0
81,압타바이오,타락파워전사,방금 전,어째 분위기가,슬슬 내년 으로 기울어 가나여?,2026-02-11 13:41:32,"슬슬, 내년, 기울어, 가나여",0,0,4,0,중립,0.0
82,HD현대일렉트릭,뼝알이,1분 전,하한까아 가즈앙,순시간 퍽락 요이따앙,2026-02-11 13:41:32,"순시간, 퍽락, 요이따앙",0,0,3,0,중립,0.0
83,아크릴,주식은차갑고차분하게,1분 전,아크릴 주주방,https://open.kakao.com/o/gIv5uMfi 오세요,2026-02-11 13:41:32,오세요,0,0,1,0,중립,0.0
84,롯데쇼핑,까나리액젓같네,1분 전,아쉽네여 유감입니다,음봉전환 되는거 아닌지? 그간 상승기울기가 높아서 피로한계에 다달았다고 하니 개미님들이 개거품을 물고 ZR을 하시는거 보니깐 더더 피곤하네여,2026-02-11 13:41:32,"음봉전환, 되는거, 아닌지, 그간, 상승기울기가, 높아서, 피로한계에, 다달았다고, 하니, 개미님들이",3,0,13,6,긍정,0.188
85,SK이터닉스,거래폭발,1분 전,욕심내지 말기,비중잡은거 지키고 아랫단 불타기 호가만 보고 안 주면 말고 날라가는거 없음,2026-02-11 13:41:33,"비중잡은거, 지키고, 아랫단, 불타기, 호가만, 보고, 주면, 말고, 날라가는거, 없음",0,1,9,-1,부정,0.1
86,스피어,애교있는투자소식타조,1분 전,이번주 2만원대로 돌아갈듯,헐..ㅋㅋㅋ 개떨어지네,2026-02-11 13:41:33,개떨어지네,1,0,0,2,긍정,1.0
87,두산에너빌리티,JustDoIt2025,1분 전,심장 터질 꺼 같아.. 빨리좀 어떻게 해봐,미칠꺼 같아....밥 생각도 안나. 아무것도 못하겠어....,2026-02-11 13:41:33,"미칠꺼, 같아, 생각도, 안나, 아무것도, 못하겠어",0,2,4,-2,부정,0.333
88,이마트,세력이기는개미,1분 전,공매풀베감ㅋ,간만에 공매로 돈벌자,2026-02-11 13:41:33,"간만에, 공매로, 돈벌자",0,0,3,0,중립,0.0
89,핀텔,샀다하면따블,1분 전,핀텔 투자사 4연상중 ㅋㅋ,아무래도 냄새난다 자료수집해서 신고해야겠다,2026-02-11 13:41:33,"아무래도, 냄새난다, 자료수집해서, 신고해야겠다",0,0,4,0,중립,0.0
90,뉴로핏,완전한상승테마킹,1분 전,제바는 원래 이런거지,흐름이 상승할 가능성이 높아 투자하긴 좋은데 시총이작아 변동성이 클뿐 생각한데로만 버티고 잘 가면 될듯,2026-02-11 13:41:33,"흐름이, 상승할, 가능성이, 높아, 투자하긴, 좋은데, 시총이작아, 변동성이, 클뿐, 생각한데로만",2,0,11,3,긍정,0.154
91,LS네트웍스,진심투자자,1분 전,ls계열은 눈도 돌리지 마라,빤스런하는 넘들이 너무 많다 gs로~~^^,2026-02-11 13:41:34,"빤스런하는, 넘들이, 너무, 많다",0,0,4,0,중립,0.0
92,삼성전자,산바닷,1분 전,텨~~,떨어지기전에 지금 텨~~!,2026-02-11 13:41:34,"떨어지기전에, 지금",0,1,1,-2,부정,0.5
93,삼표시멘트,man4c,1분 전,오늘은 이정도만 해도 볼만하것어,ㅋㅋㅋㅋㅋ,2026-02-11 13:41:34,,0,0,0,0,중립,0.0
94,LG에너지솔루션,도람푸우,1분 전,"lg에너지솔루션, 로봇 업체 6곳에 배터리 공급..""북미 ev 자산 활용해 ess 수요 맞출 것""","김동명 lg엔솔 사장 ""북미 ev 자산 활용해 ess 수요 맞출 것"" [시대 정연 기자] 김동명 lg에너지솔루션 사장이 ""북미 ev(전기차) 생산 라인을 활용해 급성장하는 에너지저장장치(ess) 수요를 흡수할 계획""이라고 11일 밝혔다. 김 사장은 이날 jw메리어트호텔 서울에서 열린 2026년 한국배터리산업협회 이사회·총회 참석 전에 기자들과 만나 ""수주·개발·생산 활동 세 가지를 열심히 해 최대한 실적향상에 대한 자신감"" 을 밝혔다. lg에너지솔루션은 최근 글로벌 완성차업체 스텔란티스와의 캐나다 합작법인 '넥스트스타 에너지'를 100% 자회사로 전환했다. 리튬·인산·철(lfp) 배터리 소재 국산화 전략에 대해선 ""국내에 lfp 케미스트리를 생산하려는 업체들이 많이 있는데 이 중에서 엘앤에프와 협력하려고 한다""며 ""북미산 쪽으로 적용하기 위해 노력하고 있다""고 했다. 로봇 업체들과의 협력도 공고히 할 방침이다. lg에너지솔루션은 로봇 업체 6곳에 배터리를 공급한다고 밝힌 바 있다. 김 사장은 ""현재 대부분이 알고 있는 로봇 업체들과 관계를 맺고 있는데 주로 원통형 배터리를 채택한다""며 ""에너지 고밀도, 고출력이 필요한 경우도 있어서 궁극적으로는 전고체 전지 쪽으로 가야 할 것 같다""고 말했다.",2026-02-11 13:41:34,"김동명, 엔솔, 사장, 북미, 자산, 활용해, 수요, 맞출, 시대, 정연",2,1,121,2,긍정,0.024
95,에코프로,꿀꾸리꾸에엑꿀꿀,1분 전,아직도,빌빌되고 있네,2026-02-11 13:41:34,"빌빌되고, 있네",0,0,2,0,중립,0.0
96,한화오션,ㄱㄴㄷ,1분 전,목 금 코스피 신고가,이재며 정부는 설 민심을 잡기위해 코스피를 최고가로 올리는건 다들 아실겁니다. 이래저래 결국 연기금은 박살나고 신규 진입하거나 밪투한 개미들도 같이 박살날겁니다. 각자 알아서 적당히 먹고 미국으로 튀세요. 세수가 부족해서 빚내고 이런저런 세금을 부과할거고 물가는 상승하고 일자리는 줄어들어 결국 힘들어질텐데..미래를 잘 준비하시길..,2026-02-11 13:41:34,"이재며, 정부는, 민심을, 잡기위해, 코스피를, 최고가로, 올리는건, 다들, 아실겁니다, 이래저래",3,2,34,0,긍정,0.128
97,현대ADM,어서요서방님,1분 전,수급분석,주주들이 해보면 참좋을낀데~든든하낀데~안불안할낀데~안털릴낀데~,2026-02-11 13:41:35,"주주들이, 해보면, 참좋을낀데, 든든하낀데, 안불안할낀데, 안털릴낀데",1,2,3,-2,부정,0.5
98,삼성전자,리박스쿨자유대학빤쓰동아리,1분 전,국힘이 윤석렬 버리면 신천지교도들은 낙동강오리알?,빤쓰사랑제일교회 은평폭행제일교회 부산세계로살인교회 천정궁도박교 정명석교미교회 신도들은 뭐가되냐? 낙동강 오리알 신세냐?,2026-02-11 13:41:35,"빤쓰사랑제일교회, 은평폭행제일교회, 부산세계로살인교회, 천정궁도박교, 정명석교미교회, 신도들은, 뭐가되냐, 낙동강, 오리알, 신세냐",0,0,10,0,중립,0.0
99,KODEX 코스닥150,배나드리,1분 전,1880을 누리자,3000까지 1880남았다.,2026-02-11 13:41:35,"까지, 남았다",0,0,2,0,중립,0.0
100,현대ADM,K황태자,1분 전,♡제2의 신라젠♡,똑같은 패턴,2026-02-11 13:41:35,"똑같은, 패턴",0,0,2,0,중립,0.0
101,SK바이오사이언스,Ykk,1분 전,Sk개바사,불나서 없어지길 기원 26일 차. 사기꾼 회사야. ㅋ 수주 능력도 없고 기술도 없고 사기꾼이 하는짓? 남들 개발해 놓은거에 발 담그고 ㅋ 개나 소나 돈있으면 다하는 임상이나 대신 해주고 ㅋ 지들이 뭔 실력이나 있는것 처럼 자랑 질이나 하면서 다음 사기칠 밑 그림 그리겠지. 왜 ? 남은 돈이 3000억 정도겠지 ㅋ 1년 안에 주주님들 한테사기쳐야 ㅋ 또 몇년 호의호식하며 살테니까.,2026-02-11 13:41:39,"불나서, 없어지길, 기원, 사기꾼, 회사야, 수주, 능력도, 없고, 기술도, 없고",2,4,37,0,부정,0.14
102,에이프로젠,행복한남자,1분 전,주식 없는 king구라쟁이(구:주식king),에젠 685원 25만주 보유자라고 해서 인증요청 어제 추매한 내역 인증 그리고 현재 오늘 에젠 보유주식 및 평잔 인증 하세요~ 이것들 글 살지러 아는거냐~ㅋㅋㅋㅋ 에젠 포토샵 돌리고 있남~ㅋㅋㅋㅋ,2026-02-11 13:41:40,"에젠, 만주, 보유자라고, 해서, 인증요청, 어제, 추매한, 내역, 인증, 그리고",0,0,24,0,중립,0.0
103,인스웨이브,한화오션대주주,1분 전,피씨방에 사발면이나 납품해라,뻘짖 그만하고,2026-02-11 13:41:40,"뻘짖, 그만하고",0,0,2,0,중립,0.0
104,더본코리아,커여운까미,1분 전,코스피에 어묵을 넣지말라는 법이 있을까?,고정관념을 깨란 말이쥬~,2026-02-11 13:41:40,"고정관념을, 깨란, 말이쥬",0,0,3,0,중립,0.0
105,제주은행,찢두로를재판하라,1분 전,은행주 단타처먹는 유일한 넘,잡주은행 써글,2026-02-11 13:41:40,"잡주은행, 써글",0,0,2,0,중립,0.0
106,대창,123345,1분 전,영업이익 500억 넘음 ㄷㄷ 60%이상 상승,매출1.5조육박,2026-02-11 13:41:40,"매출, 조육박",0,0,2,0,중립,0.0
107,포스코퓨처엠,공감하면엄지척,1분 전,유진,이기업은 또 뭐냐 이것도 공매기업이네,2026-02-11 13:41:40,"이기업은, 뭐냐, 이것도, 공매기업이네",0,0,4,0,중립,0.0
108,센코,peterlch,1분 전,f휴머노이드 로봇의 진화,시각 청각 후각 촉각 다가져야 인간형 로봇이 됨,2026-02-11 13:41:41,"시각, 청각, 후각, 촉각, 다가져야, 인간형, 로봇이",0,0,7,0,중립,0.0
109,이마트,다담이,1분 전,좀 심하다,600프로가 애들 장난이냐 근데 기관하고 연기금은 뭐하는거야 방어안하고,2026-02-11 13:41:41,"프로가, 애들, 장난이냐, 근데, 기관하고, 연기금은, 뭐하는거야, 방어안하고",0,1,7,-1,부정,0.125
110,보성파워텍,나그네007,1분 전,제미나이에게 물었다.,오늘 1만원 안착시도. 우리기술 상 안풀리면 20% 전후에서 보성 마감.,2026-02-11 13:41:41,"오늘, 만원, 안착시도, 우리기술, 안풀리면, 전후에서, 보성, 마감",0,2,6,-2,부정,0.25
111,삼화페인트,투투가인,1분 전,인제는 대놓고 패네,페이크 없이?,2026-02-11 13:41:41,"페이크, 없이",0,1,1,-1,부정,0.5
112,삼성전자,11만전자,1분 전,비트코인 5만달러 붕괴 직전,코인매도해서 삼성전자 매수대기자금으로 유입될듯,2026-02-11 13:41:41,"코인매도해서, 삼성전자, 매수대기자금으로, 유입될듯",1,1,2,0,중립,0.5
113,알테오젠,햇살같은수익원리구루,1분 전,배당 말들이 많은데 그래도 이득아닌가,원래 주기로 했던거도 아니고 배당 챙겨준다는데 300원도 돈인데 없는거 보단 낫지 않나요?? 많이 챙겨주겠다 하고 적게 주는거도 아니고 경영진 횡보는 실망스럽지만 확실하게 깔 거만 깝시다 3월전후로 주주부양정책 나오겟죠 뭐,2026-02-11 13:41:41,"원래, 주기로, 했던거도, 아니고, 배당, 챙겨준다는데, 원도, 돈인데, 없는거, 보단",1,5,21,-4,부정,0.222
114,NAVER,영식,1분 전,3차법안 이제 시작이다,안전벨트 메고 5일선 안착했지 다음 은 ?,2026-02-11 13:41:41,"안전벨트, 메고, 일선, 안착했지, 다음",0,2,3,-2,부정,0.4
115,현대지에프홀딩스,30대은퇴자,1분 전,현대홈쇼핑을 완전자회사로 편입하네,이게 웬 떡이냐,2026-02-11 13:41:42,"이게, 떡이냐",0,0,2,0,중립,0.0
116,기업은행,돌멩잇,1분 전,신한은 항상 왜 저래,ㅉ분탕질ㅉ,2026-02-11 13:41:42,분탕질,0,0,1,0,중립,0.0
117,SG,수온이디,1분 전,뜽싸고있네,여섯줄 이상 글쓰지마라 읽기 짜증난다 쓰읍 또 빠진다 거냐안거냐 요것은 안오른다 구찌가 큰 기계로가라 거냐안거냐 괘퐌히구나 채대2580원 오늘 채소 십프로하락이다,2026-02-11 13:41:42,"여섯줄, 이상, 글쓰지마라, 읽기, 짜증난다, 쓰읍, 빠진다, 거냐안거냐, 요것은, 안오른다",1,4,13,-4,부정,0.278
118,비츠로시스,뻑,1분 전,너도 원전주,가즈아~~~,2026-02-11 13:41:42,가즈아,1,0,0,2,긍정,1.0
119,보성파워텍,베스트원은,1분 전,지가 Nxt 인줄,니 주제를 알아라,2026-02-11 13:41:42,"주제를, 알아라",0,0,2,0,중립,0.0
120,동양고속,고수되고파,1분 전,순간 날아갑니다,보세요 쏩니다,2026-02-11 13:41:42,"보세요, 쏩니다",0,0,2,0,중립,0.0
121,삼성전자,gotde,1분 전,외인들이 개미들 물량 싹쓸어 담아가고 있어요,"HBM4 대 성공에 이어서 여기에 더해 2,5배 빠른 기술 특허 출원까지",2026-02-11 13:41:42,"성공에, 이어서, 여기에, 더해, 빠른, 기술, 특허, 출원까지",1,0,7,2,긍정,0.125
122,엑스페릭스,기쁜차트맛영웅,1분 전,확인 하셔야 됩니다,331214,2026-02-11 13:41:43,,0,0,0,0,중립,0.0
123,로킷헬스케어,금수산도령님,1분 전,지금62500원지지가격 무너지면,"61,000원에 기다리겠소~",2026-02-11 13:41:43,"원에, 기다리겠소",0,0,2,0,중립,0.0
124,미래에셋벤처투자,그냥그냥그레,1분 전,시원하게,"내려와라~ 19,000원 매수 대기중.",2026-02-11 13:41:43,"내려와라, 매수, 대기중",1,1,1,-1,부정,0.667
125,현대ADM,WTOP,1분 전,"차트로 오늘 종가 4450원 지키면, 내일 상한가 가능",암 완전관해 재료가 진짜라면 주가는 더 강해야~,2026-02-11 13:41:43,"완전관해, 재료가, 진짜라면, 주가는, 강해야",0,0,5,0,중립,0.0
126,이마트,ㅎㄹㄹㄹ,1분 전,공매 8백만원 수익마감. 욕봐라. ㅋㅋㅋ,아 꼬셔꼬셔 ㅋㅋㅋㅋ,2026-02-11 13:41:43,꼬셔꼬셔,0,0,1,0,중립,0.0
127,OCI홀딩스,우르르쾅콩,1분 전,"실적이 잘나올수가 없다,","반도체쪽 예상치 하회, 건설쪽 적자예상됨, 발전쪽도 적자예상됨 태양광이 그나마 회복이긴한데 예상치대비로 크게 나아지긴어려움, 이미 예상이익이 300~500억이라는데,,, 태양광혼자서 이익700억해줘야되는데 되것냐?",2026-02-11 13:41:43,"반도체쪽, 예상치, 하회, 건설쪽, 적자예상됨, 발전쪽도, 적자예상됨, 태양광이, 그나마, 회복이긴한데",2,2,16,0,중립,0.2
128,엑스페릭스,깅가,1분 전,한번 더 알려줄테니 다들 말 들으렴,내일 무조건 떨어질거같은데~ 오늘 팔고 금욜쉬고 담주에 들어가라,2026-02-11 13:41:43,"내일, 무조건, 떨어질거같은데, 오늘, 팔고, 금욜쉬고, 담주에, 들어가라",0,1,7,-2,부정,0.125
129,롯데하이마트,사루안,1분 전,크흠...,"소매유통 관련주 다른 놈 오를 때 빌빌거리더니 내 한번은 쏠 줄 알았다ㅋㅋㅋ 근데, 후루룩 말아올리고 끝이네?? 망할놈 피뢰침 봐라ㅋㅋㅋㅋㅋㅋㅋ 다행히 걸어놓은 거 팔림",2026-02-11 13:41:44,"소매유통, 관련주, 다른, 오를, 빌빌거리더니, 한번은, 알았다, 근데, 후루룩, 말아올리고",1,2,14,-2,부정,0.176
130,카카오페이,Im,1분 전,캬 꿈틀대는거바라,상한가네요 ㅋㅋ,2026-02-11 13:41:44,상한가네요,1,0,0,3,긍정,1.0
131,현대건설,반도체대세1등주,1분 전,"★ 현대건설: 5배 폭등: 이젠 장기간, 폭락 불가피!","★ 현대건설: 5배 폭등: 이젠 장기간, 폭락 불가피! 5배 폭등에 따른 폭락 시점: 너무 올라 고평가: 하락! ----------------------------------------------------------------------------------------------- ★ 반도체) 엔비디아 3일간 12% 폭등: 삼성전자 10% 폭등 전망: 매수 적기 AI수요 폭증: 반도체 제조업체만 폭등: 삼성전자 대박 1. 삼성전자: 자사주 3.6조 매입(2200만주): 대박: 매수 - 기간: 1월30~4월29: 보통주만 매수: 보통주 매수 유리 - 1일 100만주씩 매수: 지난번 자사주 매수시 급등 했음 2. 삼성전자: 26년 영업이익 245조: 목표가 30만원: 매수 - 엔비디아 영업이익 120조(시총 6600조): 세계 시총 1위 - 삼성전자 영업이익 245조(시총 981조): 70만원 적정가 3. 삼성전자: 엔비디아+AMD+구글 HBM 모두납품: 대박 - 엔비디아 HBM 신규 납품: 200조원 전망: 매출 폭발 - AMD+구글 HBM 납품: 100조원 전망: 폭등 청신호 반도체 D램 가격: 25년 7배 폭등: 26년 100% 또 오른다 반도체 수요급증, 반도체 없어서 못판다: 폭등 사유 충분 ★ 삼성전자: HBM+파운드리+휴대폰(3개업황): 다 좋다 목표가 30만원으로 본, 지금은 저가 매수 절호의 기회!",2026-02-11 13:41:44,"현대건설, 폭등, 이젠, 장기간, 폭락, 불가피, 폭등에, 따른, 폭락, 시점",27,8,71,38,긍정,0.33
132,HJ중공업,전은경,1분 전,상잡주,잡주중에. 최상위잡주구나,2026-02-11 13:41:44,"잡주중에, 최상위잡주구나",0,0,2,0,중립,0.0
133,아크릴,맹구친구영구,1분 전,풍악을 울려라아아아~~~~~,쏴리질러~~~~~^^,2026-02-11 13:41:44,쏴리질러,0,0,1,0,중립,0.0
134,아크릴,몽실통통통,1분 전,다음 타자 뉴로핏,대기 중,2026-02-11 13:41:44,대기,0,0,1,0,중립,0.0
135,다스코,232528,1분 전,이거 명박이 회사 아닌가?,허허허허허,2026-02-11 13:41:44,허허허허허,0,0,1,0,중립,0.0
136,아크릴,포카AAAAAAA,1분 전,따따따블~~~,따따블 따따블 ~~~~,2026-02-11 13:41:45,"따따블, 따따블",0,0,2,0,중립,0.0
137,대창,나는30푸로쩜상묵는상따다,1분 전,실적공시뜨자마자마자시장가로질러서vi만들엇다ㅋㅋㅋㅋㅋㅋㅋㅋㅋㅋㅋㅋㅋㅋㅋㅋㅋㅋㅋㅋㅋㅋㅋㅋㅋㅋ,이빠이먹고나가게이빠이처올려라 ㅋㅋㅋㅋㅋㅋㅋㅋㅋㅋㅋㅋㅋㅋㅋㅋㅋㅋ,2026-02-11 13:41:45,이빠이먹고나가게이빠이처올려라,0,0,1,0,중립,0.0
138,제일바이오,조용하게하자,1분 전,전재산 몰빵 완료 ㅋㅋㅋㅋㅋㅋㅋㅋㅋㅋㅋㅋㅋㅋㅋㅋㅋㅋㅋㅋㅋㅋㅋㅋㅋㅋㅋㅋㅋㅋㅋㅋㅋㅋㅋㅋㅋ,ㅋㅋㅋㅋㅋㅋㅋㅋㅋㅋㅋㅋㅋㅋㅋㅋㅋㅋㅋㅋㅋㅋㅋㅋㅋㅋㅋㅋㅋㅋㅋㅋㅋㅋㅋㅋㅋ,2026-02-11 13:41:45,,0,0,0,0,중립,0.0
139,티엑스알로보틱스,노숙,1분 전,고점에,물리고 손절하고 떠난다 그지같은거,2026-02-11 13:41:45,"물리고, 손절하고, 떠난다, 그지같은거",0,1,3,-2,부정,0.25
140,샌디스크,우주콩,1분 전,-17퍼,버티면 올까요? 아님 물을 어디쯤에서 탈까요? 고견 부탁드립니다,2026-02-11 13:41:45,"버티면, 올까요, 아님, 물을, 어디쯤에서, 탈까요, 고견, 부탁드립니다",0,0,8,0,중립,0.0
141,삼영,해박한정보수사관,1분 전,오늘ㅎ ㅏ 루종일 48% 먹었네요,1412 11111111111111111111,2026-02-11 13:41:45,,0,0,0,0,중립,0.0
142,현대바이오,진성산업개발,1분 전,진짜 신한이랑 후준이,예전에 컨퍼런스 신한이 후원 ㅋㅋ. 둘이. 다 해먹엇나,2026-02-11 13:41:46,"예전에, 컨퍼런스, 신한이, 후원, 둘이, 해먹엇나",0,0,6,0,중립,0.0
143,압타바이오,타락파워전사,1분 전,어째 분위기가,슬슬 내년 으로 기울어 가나여?,2026-02-11 13:41:46,"슬슬, 내년, 기울어, 가나여",0,0,4,0,중립,0.0
144,현대ADM,데스나이트,1분 전,거래량 3600만 ㄷㄷ,종가가 궁금하네요 ㅎ,2026-02-11 13:41:47,"종가가, 궁금하네요",0,0,2,0,중립,0.0
145,서남,성장하는주도주금손,1분 전,⚡월 5천 충분히 가능🚨따라만 오세요~,📌장인의힘📌장인의힘📌🌿텔🌿📌장인의힘📌장인의힘📌,2026-02-11 13:41:47,"장인의힘, 장인의힘, 장인의힘, 장인의힘",0,0,4,0,중립,0.0
146,프리엠스,혼솔,1분 전,한번만보아주세요~간청드립니다,https://petitions.assembly.go.kr/proceed/onGoingAll/48D00A5CC21244EBE064ECE7A7064E8B 무자본 갭투기 기업사냥꾼 행위로부터 소액주주 보호 제도개선 요청안 입니다 동의 좀 부탁드려요 비회원으로도 동의 가능합니다,2026-02-11 13:41:47,"무자본, 갭투기, 기업사냥꾼, 행위로부터, 소액주주, 보호, 제도개선, 요청안, 동의, 부탁드려요",1,1,11,1,긍정,0.154
147,삼성중공업,듀린이,1분 전,"31,600원에 매수한 내가 너무",짜친다...............ㅠㅠㅠㅠㅠㅠㅠㅠㅠㅠㅠㅠㅠㅠㅠㅠㅠㅠㅠㅠㅠㅠㅠ,2026-02-11 13:41:48,짜친다,0,0,1,0,중립,0.0
148,이마트,RIS이,1분 전,호들갑은,충당금 쌓아서 일부러 적자 만들었구만... 예상했던 시나리오인데,2026-02-11 13:41:48,"충당금, 쌓아서, 일부러, 적자, 만들었구만, 예상했던, 시나리오인데",0,1,6,-2,부정,0.143
149,이마트,이타적삶,1분 전,진짜 무서운 인간들 ㅋㅋ,ㅋㅋㅋㅋㅋㅋㅋㅋㅋㅋㅋㅋ,2026-02-11 13:41:48,,0,0,0,0,중립,0.0
150,보성파워텍,인생역전,1분 전,개잡주 매수 금지령 매수 하는순간 쳐물린다,개잡주다 개집주다 개잡주다,2026-02-11 13:41:48,"개잡주다, 개집주다, 개잡주다",3,0,0,6,긍정,1.0
151,NHN KCP,햇보리,1분 전,그러닌낀 결국은 법안이 통과가 안된것이네.,민주당 넘들 니들 선거때 보자.,2026-02-11 13:41:48,"민주당, 넘들, 니들, 선거때, 보자",0,0,5,0,중립,0.0
152,삼성전자,동천왕,1분 전,이상한 시장,코스피 -40까지 하락할 당시 종목들 수익 합계보다 지금 삼성전자 겨우 1% 정도 올랐을 뿐인데 지수는 60-70 상승으로 반전하였고 수익 합계는 오히려 줄었네요. 4천피 5천피가 될수록 시장은 갈수록 이상한 방향으로 가는건 분명한듯.,2026-02-11 13:41:48,"코스피, 까지, 하락할, 당시, 종목들, 수익, 합계보다, 지금, 삼성전자, 겨우",4,1,24,7,긍정,0.172
153,현대차,본죽,1분 전,로스컷 너무 대놓고 보여주는거 아니냐,ㅋㅋㅋㅋㅋ똑같은 자리에서 발악하네,2026-02-11 13:41:48,"똑같은, 자리에서, 발악하네",0,0,3,0,중립,0.0
154,삼표시멘트,kZd,1분 전,삼표시멘트 공매도 세력 리포트 떳네요,"아직도 모르고 있다면 기회 놓치고 있는겁니다. 삼표시멘트 주주방에서 진지하게 소통하고 있습니다. 광고,분탕 절대 오지마세요 https://journal94479.tistory.com/1?n=kBP",2026-02-11 13:41:49,"아직도, 모르고, 있다면, 기회, 놓치고, 있는겁니다, 삼표시멘트, 주주방에서, 진지하게, 소통하고",0,0,14,0,중립,0.0
155,롯데하이마트,kkkk111,1분 전,뭔 일이에요?,띠링하고 봤더니 본전 왔다가 내려갔네요. 미쵸... 다시 1만원 올까요? 제발요.,2026-02-11 13:41:49,"띠링하고, 봤더니, 본전, 왔다가, 내려갔네요, 미쵸, 다시, 만원, 올까요, 제발요",0,1,9,-2,부정,0.1
156,두산에너빌리티,Yejh01,1분 전,!,드디어 8자 보게되는가 ㆍㅎㅎ ㅎ,2026-02-11 13:41:49,"드디어, 보게되는가",0,0,2,0,중립,0.0
157,대호에이엘,bdbdiou,1분 전,종가에 살사람 ㅋ,수두룩 하고마이 ㅋ,2026-02-11 13:41:49,"수두룩, 하고마이",0,0,2,0,중립,0.0
158,플레이그램,jch9008,1분 전,태평양 심해바다냐?,너무하네 ㅋㅋ 걍 나와라 호흡기 멈췄다 ㅋㅋ,2026-02-11 13:41:49,"너무하네, 나와라, 호흡기, 멈췄다",0,0,4,0,중립,0.0
159,KODEX 200선물인버스2X,세이프,1분 전,700원에 산사람들,100% 올라야 본전이구먼 다들 자기 가격 인지는 하구이찌??,2026-02-11 13:41:49,"올라야, 본전이구먼, 다들, 자기, 가격, 인지는, 하구이찌",1,0,6,2,긍정,0.143
160,알테오젠,seve,1분 전,올해도 배당 주더라도.,회사 하는 꼬라지 보면 배당락이 더 큰 회사가 될꺼야.ㅋㅋㅋㅋㅋ 주주환원 같은 소리하고있네. ㅋㅋㅋㅋㅋㅋㅋㅋㅋㅋㅋㅋㅋㅋㅋ 드러웠다~ 간다~,2026-02-11 13:41:50,"회사, 하는, 꼬라지, 보면, 배당락이, 회사가, 될꺼야, 주주환원, 같은, 소리하고있네",1,0,11,2,긍정,0.083
161,카카오뱅크,apt2107,1분 전,자 이제 시작이야 ~~,3만 가즈아~~~^,2026-02-11 13:41:50,가즈아,1,0,0,2,긍정,1.0
162,LG전자,정직한급등추세안내자,1분 전,LG전자 //// 20퍼 가나????,참고 부탁드립니다 ^&^ 78899,2026-02-11 13:41:50,"참고, 부탁드립니다",0,0,2,0,중립,0.0
163,이노테크,신중한매매,1분 전,아크릴봐라,신규상장주는 테마붙으면 저리 가볍게 날라가는거다 이노는 뭐하니?? 언제까지 바닥에서 빌빌댈래??,2026-02-11 13:41:50,"신규상장주는, 테마붙으면, 저리, 가볍게, 날라가는거다, 이노는, 뭐하니, 언제까지, 바닥에서, 빌빌댈래",0,0,10,0,중립,0.0
164,알파벳 Class A,구글링,1분 전,현재만보면 미친 한국주식,하루세 상한가 30퍼 되는게 계속나오고 몇년동안 안오르던 전자 원전 쇼핑 차 금융까지 두달사이 폭등 . . . 하지만 장기투자는 미주식 .,2026-02-11 13:41:50,"하루세, 상한가, 되는게, 계속나오고, 몇년동안, 안오르던, 전자, 원전, 쇼핑, 금융까지",2,2,11,4,긍정,0.267
165,SK하이닉스,우리주,1분 전,이유가 있죠!! sk나쁜넘들,익절이다 익절 더럽다 진짜,2026-02-11 13:41:50,"익절이다, 익절, 더럽다, 진짜",0,0,4,0,중립,0.0
166,에코프로,깜뎅이,1분 전,왕창,사줄게 5만원오면 하하,2026-02-11 13:41:51,"사줄게, 만원오면, 하하",0,0,3,0,중립,0.0
167,삼표시멘트,0HP,1분 전,앞으로,삼표시멘트 주주방에서 이야기 되고 있는 내용이네요. 앞으로 영향이 클것같은데 참고하시고 판단에 도움되시길 https://journal94479.tistory.com/1?n=lIo,2026-02-11 13:41:51,"삼표시멘트, 주주방에서, 이야기, 되고, 있는, 내용이네요, 앞으로, 영향이, 클것같은데, 참고하시고",0,0,12,0,중립,0.0
168,우리기술투자,하쿠놔,1분 전,쏟아진다~~ㅋㅋㅋ,튀어이~~~잇,2026-02-11 13:41:51,튀어이,0,0,1,0,중립,0.0
169,두산에너빌리티,oiltank7,1분 전,서남해 해상풍력 이르면 2월말 입찰,8.000억 규모 경쟁 기업은 조그마한 규모의 회사와 경쟁입찰 수주 확를이 높구나,2026-02-11 13:41:51,"규모, 경쟁, 기업은, 조그마한, 규모의, 회사와, 경쟁입찰, 수주, 확를이, 높구나",0,0,10,0,중립,0.0
170,현대글로비스,자유자본주의대한민국만만만세,1분 전,의선,형님 현차 그룹 현차 주당 2~3주 현글이 주당 5주씩 무상증자 & 액면분할 갑시다요 네? 분명히 한두달만에 현 주가로 올라올겁니다 녜? 지금이 바로 절호의 기회 입니다,2026-02-11 13:41:51,"형님, 현차, 그룹, 현차, 주당, 현글이, 주당, 주씩, 무상증자, 액면분할",2,0,17,3,긍정,0.105
171,삼표시멘트,아씨발기훈이형,1분 전,으이그 내가 몇번을 말하냐,"내가 월욜에 팔라 했어? 안했어? 오전에 반짝 올랐다고 반등이네 뭐네 흥분들 하기는 ㅉㅉ 14,000원에서 입벌리고 대기하고 있을께~~",2026-02-11 13:41:51,"내가, 월욜에, 팔라, 했어, 안했어, 오전에, 반짝, 올랐다고, 반등이네, 뭐네",1,1,14,1,긍정,0.125
172,카카오페이,니애미애비쥴리두창,1분 전,찬티 여러분 고개드세요,찬티 여러분 고개드세요! 당신 오늘은 마이너스 아닙니다 고개드세요 찬티 여러분!!,2026-02-11 13:41:52,"찬티, 여러분, 고개드세요, 당신, 오늘은, 마이너스, 아닙니다, 고개드세요, 찬티, 여러분",2,0,8,4,긍정,0.2
173,키다리스튜디오,김은경,1분 전,뉴도 좀 데리고가시와요^^,쩝~~~~~~,2026-02-11 13:41:52,,0,0,0,0,중립,0.0
174,비츠로테크,러스티,1분 전,KB~,수십만주 남았어요~,2026-02-11 13:41:52,"수십만주, 남았어요",0,0,2,0,중립,0.0
175,알테오젠,거북이2023,1분 전,매출 영업이익에 적당한 배당이다.,현재 주가가 너무 높아 어쩔수없는 배당액이다... 실망하지만 영업이익 1100억 200억 배당이면 당기순이익은 1100억보다 낮을 거라 보면 .. 많이 주는것임.. 현재 주가가 너무 높아 어쩔 수 없음... 매출이 늘어나면 더 줄거라 생각함,2026-02-11 13:41:52,"현재, 주가가, 너무, 높아, 어쩔수없는, 배당액이다, 실망하지만, 영업이익, 배당이면, 당기순이익은",4,3,19,4,긍정,0.269
176,삼표시멘트,뿡듀,1분 전,기다리셈...,"아크릴에서 많이 벌어서 삼표 추매해줄께요,,, 목표는 만주 채우려고요,,,, 14,000 에... 추매예정,,,",2026-02-11 13:41:52,"아크릴에서, 많이, 벌어서, 삼표, 추매해줄께요, 목표는, 만주, 채우려고요, 추매예정",0,0,9,0,중립,0.0
177,네오이뮨텍,cappucino,1분 전,네오야..,"동전주가 전체 주식의 10% 라고 하니 한번 정리하고 가는 게 맞을 거 같긴 하다. 네오야, 너 여기서 이러고 있을 때가 아니야",2026-02-11 13:41:52,"동전주가, 전체, 주식의, 라고, 하니, 한번, 정리하고, 가는, 맞을, 같긴",0,1,15,-1,부정,0.062
178,스타플렉스,하와이에서,1분 전,세력 이 적같은 씩뻘한테 하고싶다,니 면상에 욕을 오지게 하고 싶다,2026-02-11 13:41:52,"면상에, 욕을, 오지게, 하고, 싶다",0,0,5,0,중립,0.0
179,모두투어,광신도들,1분 전,놀자형 가오가 있지 회사 먹어보자....,그럴려고 들어온거잖아 눈치 말고 시원하게 가자...,2026-02-11 13:41:53,"그럴려고, 들어온거잖아, 눈치, 말고, 시원하게, 가자",1,0,5,1,긍정,0.167
180,한세실업,qaws111,1분 전,쥴리가,한실에 미래다!!!!! 모두 외쳐!!!!! . 쥴리 어게인~~~~~~!!!!!!!!!!!,2026-02-11 13:41:53,"한실에, 미래다, 모두, 외쳐, 쥴리, 어게인",0,0,6,0,중립,0.0
181,삼성전자,강멘탈힌트계획가,1분 전,물량 뺏을려고 호가 막아논거야?,매도호가 1600억 누구야?,2026-02-11 13:41:53,"매도호가, 누구야",0,1,1,-1,부정,0.5
182,DSC인베스트먼트,가치,1분 전,퓨리오상AI 와 노타 AI로,곧 날아가보세,2026-02-11 13:41:53,날아가보세,0,0,1,0,중립,0.0
183,뉴로메카,손느린고니,1분 전,쫄리면,뒤지시든가 정마담~ 손님 안받아?,2026-02-11 13:41:53,"뒤지시든가, 정마담, 손님, 안받아",0,1,3,-1,부정,0.25
184,LG전자,감잡은매매대응선생,1분 전,"LG전자, 한주라도 보유하고 계신다면 이 흐름 꼭 보세요",`4`4`14` 지금이라도 중심 잡고 대응하세요. 두손놓고계시지마시고 아직 끝나지 않았습니다!!! 타점나왔죠? 반응 나왔죠??,2026-02-11 13:41:53,"지금이라도, 중심, 잡고, 대응하세요, 두손놓고계시지마시고, 아직, 끝나지, 않았습니다, 타점나왔죠, 반응",0,2,9,-2,부정,0.182
185,한화갤러리아,사람답게살자,1분 전,애들은 다 나가라,부모님 모시고 오든지 세벳돈 받으면 다시와라.,2026-02-11 13:41:54,"부모님, 모시고, 오든지, 세벳돈, 받으면, 다시와라",0,0,6,0,중립,0.0
186,하이트진로,apt강남,1분 전,난 한주도 없다~다만 미래를 이야기 할뿐,으 잉 ~~ ㅋㅋㅋ,2026-02-11 13:41:54,,0,0,0,0,중립,0.0
187,SK,나르드르,1분 전,종가 33만,제곧내 ㅇㅈ,2026-02-11 13:41:54,제곧내,0,0,1,0,중립,0.0
188,세명전기,빅샷23,1분 전,언제가것노..,장기적으로는 우상향인거 같은데.. 급등 좋아하는 사람은 몬 기다리건노.. ㅎ,2026-02-11 13:41:54,"장기적으로는, 우상향인거, 같은데, 급등, 좋아하는, 사람은, 기다리건노",3,0,4,6,긍정,0.429
189,메디포스트,심장의칼,1분 전,유증찌라시,인가 와이러누,2026-02-11 13:41:54,"인가, 와이러누",0,0,2,0,중립,0.0
190,한국비엔씨,adfad,1분 전,이회사는 파이프라인이 도데체 몇개냐??ㅋㅋㅋ,파킨슨고친다고 하더니 이젠 릴리도 이긴다네 ㅋㅋㅋㅋㅋㅋㅋㅋㅋㅋㅋ 하나에 집중을해도모질란데,2026-02-11 13:41:54,"파킨슨고친다고, 하더니, 이젠, 릴리도, 이긴다네, 하나에, 집중을해도모질란데",0,0,7,0,중립,0.0
191,플루토스,플루토스관련주,1분 전,리더스 때부터 쳐물린 오래된 주주로서..,핀텔같은 거지종목은 나가세요 얘도 지금 무서운데,2026-02-11 13:41:54,"핀텔같은, 거지종목은, 나가세요, 얘도, 지금, 무서운데",0,1,5,-1,부정,0.167
192,스피어,늦잠이,1분 전,흐미 추락한다...,추락한다...,2026-02-11 13:41:55,추락한다,0,0,1,0,중립,0.0
193,LG전자,투자픽,1분 전,선탈출이 답,탈출! 탈출이 답입니다.,2026-02-11 13:41:55,"탈출, 탈출이, 답입니다",0,0,3,0,중립,0.0
194,글로벌에스엠,빛의속도,1분 전,지금 떨어지면 회복 불가능이다,완전 복구 불구능,2026-02-11 13:41:57,"완전, 복구, 불구능",0,0,3,0,중립,0.0
195,아크릴,파슈파티,1분 전,시총 10조면 주당 100만원?!,달나라 렛츠고!!,2026-02-11 13:41:57,"달나라, 렛츠고",0,0,2,0,중립,0.0
196,LG,Kospi5000,1분 전,오후에는 하락입니다. 괜히 기분만 설례였군..,기관 & 외국인 올리고 매도 실시..,2026-02-11 13:41:57,"기관, 외국인, 올리고, 매도, 실시",0,1,4,-1,부정,0.2
197,갤럭시아머니트리,선무당때려잡기,1분 전,투자 풍월: 상한가+10~20% 상승가능성,선무당의 주식 판타지 소설^^,2026-02-11 13:41:57,"선무당의, 주식, 판타지, 소설",0,0,4,0,중립,0.0
198,와이씨,재미있는주가계산쉐프,1분 전,달려라,위로 좀 올라가자,2026-02-11 13:41:58,"위로, 올라가자",1,0,1,2,긍정,0.5
199,현대차,월천대사ㅎ만세,1분 전,설레발 치지말고,관세 해결 되고 나서 큰소리로 치라고... 트럼프 관세는 가장 큰 리스크가 임...,2026-02-11 13:41:58,"관세, 해결, 되고, 나서, 큰소리로, 치라고, 트럼프, 관세는, 가장, 리스크가",0,1,9,-1,부정,0.1
200,DSR,donggagguli,1분 전,간만에 거래 좀 되는,오늘 5만주 만 넘기자,2026-02-11 13:41:58,"오늘, 만주, 넘기자",0,0,3,0,중립,0.0
201,노타,피리부는가시나,1분 전,앗싸 아크릴...,ㅋㅋㅋㅋ ㅋ,2026-02-11 13:41:58,,0,0,0,0,중립,0.0
202,삼성전자,쾌활한패턴관망가,1분 전,설 연휴전에 20만원 찍고 연휴기간 기분좋게 쉬고 올께요,주주 여러분 설 연휴전에 20만원 찍고 기분좋은 연휴되세요,2026-02-11 13:41:58,"주주, 여러분, 연휴전에, 만원, 찍고, 기분좋은, 연휴되세요",1,0,6,1,긍정,0.143
203,제이앤티씨,shgh,1분 전,초오옷 같네,쫌 가즈아 🔥🙌😎,2026-02-11 13:41:58,가즈아,1,0,0,2,긍정,1.0
204,SK하이닉스,갈매기사랑,1분 전,HBM4부터는 삼전이 주도권,공급도 그렇고 주가도 그렇고~~!,2026-02-11 13:41:59,"공급도, 그렇고, 주가도, 그렇고",0,0,4,0,중립,0.0
205,셀트리온,유연한주가추세용사,1분 전,모레 추가상장 하는데 악재아냐?,모레 추가상장하면 떨어질거같은데 형들 어떻게 생각해?,2026-02-11 13:41:59,"모레, 추가상장하면, 떨어질거같은데, 형들, 생각해",0,1,4,-2,부정,0.2
206,삼양바이오팜,발췌,1분 전,이번주 20먼원터치,투자는ㅏㄱ자의몫 단타금지ㅣ그간돌입,2026-02-11 13:41:59,"투자는, 자의몫, 단타금지, 그간돌입",0,0,4,0,중립,0.0
207,휴젤,방가방가1,1분 전,다들 2시부터 긴장하세요,"실적 나오니, 매도 버튼 준비도 하시고요. 하회 하면 대응하기 힘들게 던집니다 그냥 -10% 가격에 매도 쳐버림. 11월4일 있었던일",2026-02-11 13:41:59,"실적, 나오니, 매도, 버튼, 준비도, 하시고요, 하회, 하면, 대응하기, 힘들게",0,2,14,-2,부정,0.125
208,SK하이닉스,신중한익절나비,1분 전,삼전에 밀리는게 아니라..,삼전이 언론플레이 엄청하구... 닉스는 잠수함 마냥 언론공시자제중이니까요.. 이게 마치 삼전이 더 핫하게 보일수 있는거지요.. 다만 보이는게 다가 아니죠.. 주가가 안빠지는데 그 만한 이유가 있는것입니다..,2026-02-11 13:41:59,"삼전이, 언론플레이, 엄청하구, 닉스는, 잠수함, 마냥, 언론공시자제중이니까요, 이게, 마치, 삼전이",0,2,20,-2,부정,0.091
209,신풍제약,wes9999x,1분 전,기렉같은 회사의 잡주...!!,할말을 잃었다.,2026-02-11 13:41:59,"할말을, 잃었다",0,0,2,0,중립,0.0
210,지엔씨에너지,쿄콩,1분 전,뺄때 스텝이..,앞으로 1.5걷다가..뒤고 2걸음씩 빼네.. 가랑비에 옷 젖는 느낌으로 ㅎㅎㅎ,2026-02-11 13:41:59,"앞으로, 걷다가, 뒤고, 걸음씩, 빼네, 가랑비에, 젖는, 느낌으로",0,0,8,0,중립,0.0
211,현대바이오,바다꾼,1분 전,견,신한공견들 악의축이넹 피똥사길,2026-02-11 13:42:00,"신한공견들, 악의축이넹, 피똥사길",0,0,3,0,중립,0.0
212,파트론,자앗자앗,1분 전,신고가 너에겐 그림의 떡이다,도도리가 적격이어라,2026-02-11 13:42:00,"도도리가, 적격이어라",0,0,2,0,중립,0.0
213,엔투텍,고무통과드럼통,1분 전,어이,니친구 앱튼은 나가리인데 니는 왜오르노 마지막 불꽃이가 마,2026-02-11 13:42:00,"니친구, 앱튼은, 나가리인데, 니는, 왜오르노, 마지막, 불꽃이가",0,0,7,0,중립,0.0
214,현대차,사교적인매도히어로,1분 전,대박이긴한듯,".,.,.,.,...... 덕분에 감사합니다 .,.,.,.,......",2026-02-11 13:42:00,"덕분에, 감사합니다",0,0,2,0,중립,0.0
215,카카오페이,따뜻한시황가족,1분 전,물량 쌓아놓고…,저가매수하고 있는듯하네...,2026-02-11 13:42:00,"저가매수하고, 있는듯하네",1,0,1,1,긍정,0.5
216,아세아제지,진짜주주환원은,1분 전,쓰레기 탄거로 폭락하네. 피해액도 없다는데,회사전화하니 피해도 전무하다는덕 뉴스하나로 폭락하네,2026-02-11 13:42:01,"회사전화하니, 피해도, 전무하다는덕, 뉴스하나로, 폭락하네",0,2,3,-5,부정,0.4
217,씨엔플러스,Ric,1분 전,다른데 가서 놀아여 이거 시세 끝났다고 어제 이야기 해줌,이거 붙잡고 있어봐야 시세 안줘요 ㅋㅋㅋㅋ,2026-02-11 13:42:01,"이거, 붙잡고, 있어봐야, 시세, 안줘요",0,1,4,-1,부정,0.2
218,세미파이브,마이스터강,1분 전,이건 걔잡주여 이게 무슨 시총 구천억이냐,ㅋㅋㅋㅋㅋㅋ진짜 움직임보면 사면 잣되는구나 알지,2026-02-11 13:42:01,"진짜, 움직임보면, 사면, 잣되는구나, 알지",0,0,5,0,중립,0.0
219,글로벌에스엠,테리요미,1분 전,사요나라 ㅋㅋㅋㅋ 잣뎄다 진짜,끝 잘먹고갑니다 꺼억,2026-02-11 13:42:01,"잘먹고갑니다, 꺼억",1,0,1,1,긍정,0.5
220,브리지텍,신입,1분 전,예상보다,물량이 별로 없네요? 다들 만원 저 위를 보는건가요?ㅎ,2026-02-11 13:42:01,"물량이, 별로, 없네요, 다들, 만원, 위를, 보는건가요",0,1,6,-1,부정,0.143
221,센코,솔직한판단아이콘,1분 전,위에 매물 많긴한가봐 ㅋㅋ,바로 던져버리네 ㅋㅋ,2026-02-11 13:42:01,"바로, 던져버리네",0,0,2,0,중립,0.0
222,스맥,블랙호,1분 전,이번엔 며칠 빠질까요 ?????,이번에도 6천원 아래로 추락할까요? 아마 설전에 폭락 함 올듯... 그래야 미치거던여..,2026-02-11 13:42:01,"이번에도, 천원, 아래로, 추락할까요, 아마, 설전에, 폭락, 올듯, 그래야, 미치거던여",0,1,9,-3,부정,0.1
223,우리기술,흐뭇한종목시세번역가,1분 전,오늘 도움주셔서 감사합니다~!ㅎㅎ,:' 들어온지는 며칠 안됐지만.. 감사드립니다ㅎㅎ.. :',2026-02-11 13:42:02,"들어온지는, 며칠, 안됐지만, 감사드립니다",0,1,3,-1,부정,0.25
224,에이비엘바이오,마을촌장,1분 전,상한가로 간 놈은 굳건하게 지키고 있는데..,상한가 간다고 같이 갈 것처럼 하더니 요게 뭐야? 그릇이 너무 작다...,2026-02-11 13:42:02,"상한가, 간다고, 같이, 것처럼, 하더니, 요게, 뭐야, 그릇이, 너무, 작다",1,0,9,3,긍정,0.1
225,엘브이엠씨홀딩스,가보자주식,1분 전,내가 머라했냐 엘브는 4월부터다,이건 가망없는주다 1200원에 매수,2026-02-11 13:42:02,"이건, 가망없는주다, 원에, 매수",1,1,2,0,중립,0.5
226,SK하이닉스,주달맛집,1분 전,메릴린치야 너... 린치 한번 당해볼래~~!!!!!!!!!!!,"형이 손목아지 조심하랬지~~ ??? 공매 치려면, 이런 우량주는 건들지마라.. 몽아~~!!!!!1",2026-02-11 13:42:02,"형이, 손목아지, 조심하랬지, 공매, 치려면, 이런, 우량주는, 건들지마라, 몽아",0,1,8,-1,부정,0.111
227,현대차,수석팀장뽕브라,1분 전,반도체 소부장 조벙박을때 전고점 뚫자,3주 오르고 3주 조정 받았다 이제 올라가자 80넘어간다,2026-02-11 13:42:02,"오르고, 조정, 받았다, 이제, 올라가자, 넘어간다",1,1,4,1,긍정,0.333
228,이마트,대주거래자입니다,1분 전,혹시 이마트 코인인가요?,비트코인보다 핫하네요~,2026-02-11 13:42:02,"비트코인보다, 핫하네요",0,0,2,0,중립,0.0
229,LG전자,알바척살자,1분 전,진짜 더러워서 쥐꼬리만큼 먹고 간다,니가 그러니까 4위인거야. 망길만 남은거 아니냐?,2026-02-11 13:42:03,"니가, 그러니까, 위인거야, 망길만, 남은거, 아니냐",0,2,4,-4,부정,0.333
230,엘브이엠씨홀딩스,rlt,1분 전,‘60조 유령코인 사태’ 금융당국 감독 소홀·빗썸 내부통제 한계 드러나,"가상자산 거래소 빗썸의 60조원 규모 비트코인(BTC) 오지급 사태가 시스템 고도화 과정에서 발생한 기본적인 내부통제 부재 때문인 것으로 드러났다. 국회 정무위원회는 11일 긴급 현안질의를 열고 빗썸의 전산 시스템 취약성과 금융위원회·금융감독원 등 당국의 감독 소홀을 강하게 질타했다. 금융당국은 이번 사태를 계기로 거래소 등 가상자산 사업자에 금융회사 수준의 내부통제 의무를 부과하는 등 제도개선에 착수했다. 이날 현안질의 핵심은 빗썸의 내부통제 시스템이 왜 작동하지 않았느냐에 집중됐다. 이재원 빗썸 대표는 “거래소 운영 시스템 고도화 과정에서 기존에 탑재됐던 다중결제 시스템이 누락된 채 사고가 발생했다”며 “이벤트 설계 시 지급 한도 계정을 분리하지 못한 점도 인정한다”고 말했다. 앞서 지난 6일 발생한 사고로 오지급된 물량은 62만 BTC로, 당시 시세 기준 약 60조 원에 달한다. 빗썸이 실제 보유한 비트코인(약 4만2000개)의 15배에 달하는 ‘유령코인’이 장부상 발행된 셈이다. 더불어민주당 박상혁 의원의 “이론상 1000만 BTC도 오지급될 수 있었느냐”는 질의에 이 대표는 “이론상 그렇다”고 답해 시스템적 방어선이 부실했음을 시인했다. 금융당국의 안일한 감독체계도 비판의 대상이 됐다. 빗썸은 지난 2024년 7월 가상자산이용자보호법 시행 이후 수차례 점검을 받았으나, 이번 사고의 단초가 된 내부통제 취약점은 사전에 걸러지지 않았다. 민주당 김남근 의원은 “업비트 등 다른 거래소는 5분 단위 실시간 대사 시스템을 운영 중인데 빗썸은 하루 단위로 확인하고 있었다”며 “금융당국이 이런 격차를 왜 방치했느냐”고 질타했다. 이에 이찬진 금융감독원장은 “현행법상 내부통제 기준에 대한 강제력이 없는 제도적인 한계가 있다”면서도 “빗썸에 대해 10일부터 현장검사로 전환해 자금세탁방지 의무 위반 등을 면밀히 점검 중”이라고 밝혔다. 정부는 이번 사태를 ‘가상자산 시장 신뢰를 무너뜨린 엄중한 사건’으로 규정하고 고강도 제도 개선안을 내놨다. 권대영 금융위원회 부위원장은 업무보고를 통해 “금융사에 준하는 내부통제기준 마련을 의무화하고, 전산 사고 발생 시 거래소에 무과실 손해배상 책임을 부과하는 방안을 2단계 법안에 반영하겠다”고 보고했다. 주요 대책으로는 △외부 기관의 주기적인 가상자산 보유현황 점검 의무화 △실시간 자산 대사 시스템(POR) 도입 유도 △고액 거래 발생 시 이상거래탐지(STR) 체계 강화 등이 포함됐다. 특히 민주당 민병덕 의원 등이 지적한 ‘지급의무 확인제(POL)’ 등 기술적인 안전장치 도입도 적극 검토될 전망이다. 사후 수습도 난항이 예상된다. 빗썸은 현재 오지급된 62만 BTC 중 매도된 1788개(약 130억원 상당)를 아직 회수하지 못했다. 빗썸 측은 “미회수 물량은 회사 고유자산으로 우선 매입해 정합성을 맞췄다”고 설명했으나, 사고 직후 발생한 가격 급락(패닉셀)과 강제 청산 피해자들에 대한 구체적인 보상 범위 확정을 두고 진통이 이어질 전망이다.",2026-02-11 13:42:03,"가상자산, 거래소, 빗썸의, 조원, 규모, 비트코인, 오지급, 사태가, 시스템, 고도화",4,22,278,-27,부정,0.086
231,파미셀,오늘도개털이군,1분 전,선행스펜 빠저 나온다,그때는 늦으리 ㅋㅋㅋㅋ,2026-02-11 13:42:03,"그때는, 늦으리",0,0,2,0,중립,0.0
232,키다리스튜디오,김은경,2분 전,뉴도 좀 데리고가시와요^^,쩝~~~~~~,2026-02-11 13:42:08,,0,0,0,0,중립,0.0
233,비츠로테크,러스티,2분 전,KB~,수십만주 남았어요~,2026-02-11 13:42:08,"수십만주, 남았어요",0,0,2,0,중립,0.0
234,알테오젠,거북이2023,2분 전,매출 영업이익에 적당한 배당이다.,현재 주가가 너무 높아 어쩔수없는 배당액이다... 실망하지만 영업이익 1100억 200억 배당이면 당기순이익은 1100억보다 낮을 거라 보면 .. 많이 주는것임.. 현재 주가가 너무 높아 어쩔 수 없음... 매출이 늘어나면 더 줄거라 생각함,2026-02-11 13:42:08,"현재, 주가가, 너무, 높아, 어쩔수없는, 배당액이다, 실망하지만, 영업이익, 배당이면, 당기순이익은",4,3,19,4,긍정,0.269
235,삼표시멘트,뿡듀,2분 전,기다리셈...,"아크릴에서 많이 벌어서 삼표 추매해줄께요,,, 목표는 만주 채우려고요,,,, 14,000 에... 추매예정,,,",2026-02-11 13:42:08,"아크릴에서, 많이, 벌어서, 삼표, 추매해줄께요, 목표는, 만주, 채우려고요, 추매예정",0,0,9,0,중립,0.0
236,네오이뮨텍,cappucino,2분 전,네오야..,"동전주가 전체 주식의 10% 라고 하니 한번 정리하고 가는 게 맞을 거 같긴 하다. 네오야, 너 여기서 이러고 있을 때가 아니야",2026-02-11 13:42:09,"동전주가, 전체, 주식의, 라고, 하니, 한번, 정리하고, 가는, 맞을, 같긴",0,1,15,-1,부정,0.062
237,스타플렉스,하와이에서,2분 전,세력 이 적같은 씩뻘한테 하고싶다,니 면상에 욕을 오지게 하고 싶다,2026-02-11 13:42:09,"면상에, 욕을, 오지게, 하고, 싶다",0,0,5,0,중립,0.0
238,모두투어,광신도들,2분 전,놀자형 가오가 있지 회사 먹어보자....,그럴려고 들어온거잖아 눈치 말고 시원하게 가자...,2026-02-11 13:42:09,"그럴려고, 들어온거잖아, 눈치, 말고, 시원하게, 가자",1,0,5,1,긍정,0.167
239,한세실업,qaws111,2분 전,쥴리가,한실에 미래다!!!!! 모두 외쳐!!!!! . 쥴리 어게인~~~~~~!!!!!!!!!!!,2026-02-11 13:42:09,"한실에, 미래다, 모두, 외쳐, 쥴리, 어게인",0,0,6,0,중립,0.0
240,삼성전자,강멘탈힌트계획가,2분 전,물량 뺏을려고 호가 막아논거야?,매도호가 1600억 누구야?,2026-02-11 13:42:09,"매도호가, 누구야",0,1,1,-1,부정,0.5
241,DSC인베스트먼트,가치,2분 전,퓨리오상AI 와 노타 AI로,곧 날아가보세,2026-02-11 13:42:09,날아가보세,0,0,1,0,중립,0.0
242,뉴로메카,손느린고니,2분 전,쫄리면,뒤지시든가 정마담~ 손님 안받아?,2026-02-11 13:42:09,"뒤지시든가, 정마담, 손님, 안받아",0,1,3,-1,부정,0.25
243,LG전자,감잡은매매대응선생,2분 전,"LG전자, 한주라도 보유하고 계신다면 이 흐름 꼭 보세요",`4`4`14` 지금이라도 중심 잡고 대응하세요. 두손놓고계시지마시고 아직 끝나지 않았습니다!!! 타점나왔죠? 반응 나왔죠??,2026-02-11 13:42:09,"지금이라도, 중심, 잡고, 대응하세요, 두손놓고계시지마시고, 아직, 끝나지, 않았습니다, 타점나왔죠, 반응",0,2,9,-2,부정,0.182
244,한화갤러리아,사람답게살자,2분 전,애들은 다 나가라,부모님 모시고 오든지 세벳돈 받으면 다시와라.,2026-02-11 13:42:10,"부모님, 모시고, 오든지, 세벳돈, 받으면, 다시와라",0,0,6,0,중립,0.0
245,하이트진로,apt강남,2분 전,난 한주도 없다~다만 미래를 이야기 할뿐,으 잉 ~~ ㅋㅋㅋ,2026-02-11 13:42:10,,0,0,0,0,중립,0.0
246,SK,나르드르,2분 전,종가 33만,제곧내 ㅇㅈ,2026-02-11 13:42:10,제곧내,0,0,1,0,중립,0.0
247,세명전기,빅샷23,2분 전,언제가것노..,장기적으로는 우상향인거 같은데.. 급등 좋아하는 사람은 몬 기다리건노.. ㅎ,2026-02-11 13:42:10,"장기적으로는, 우상향인거, 같은데, 급등, 좋아하는, 사람은, 기다리건노",3,0,4,6,긍정,0.429
248,메디포스트,심장의칼,2분 전,유증찌라시,인가 와이러누,2026-02-11 13:42:10,"인가, 와이러누",0,0,2,0,중립,0.0
249,한국비엔씨,adfad,2분 전,이회사는 파이프라인이 도데체 몇개냐??ㅋㅋㅋ,파킨슨고친다고 하더니 이젠 릴리도 이긴다네 ㅋㅋㅋㅋㅋㅋㅋㅋㅋㅋㅋ 하나에 집중을해도모질란데,2026-02-11 13:42:11,"파킨슨고친다고, 하더니, 이젠, 릴리도, 이긴다네, 하나에, 집중을해도모질란데",0,0,7,0,중립,0.0
250,플루토스,플루토스관련주,2분 전,리더스 때부터 쳐물린 오래된 주주로서..,핀텔같은 거지종목은 나가세요 얘도 지금 무서운데,2026-02-11 13:42:11,"핀텔같은, 거지종목은, 나가세요, 얘도, 지금, 무서운데",0,1,5,-1,부정,0.167
251,스피어,늦잠이,2분 전,흐미 추락한다...,추락한다...,2026-02-11 13:42:11,추락한다,0,0,1,0,중립,0.0
252,LG전자,투자픽,2분 전,선탈출이 답,탈출! 탈출이 답입니다.,2026-02-11 13:42:11,"탈출, 탈출이, 답입니다",0,0,3,0,중립,0.0
253,KODEX 200선물인버스2X,48쓰,2분 전,이상하노. 오늘 지수가 하락해야는데 외인이 갑자기 포지션 급변경하노.,내일 옵션 만기 전에 털어야 할 콜옵션이 있나벼.,2026-02-11 13:42:11,"내일, 옵션, 만기, 전에, 털어야, 콜옵션이, 있나벼",0,0,7,0,중립,0.0
254,DL이앤씨,텐버거장투,2분 전,smr 원전 관련주라고 왔더만 개떵이다,개떵이네 젠장할,2026-02-11 13:42:11,"개떵이네, 젠장할",1,0,1,2,긍정,0.5
255,현대바이오,주가조작이꿈입니다,2분 전,내 이럴거 같드라,아침에 욕심 안내고 10퍼만 먹고 나왔다 1만 밑에서 다시 올까 생각중,2026-02-11 13:42:11,"아침에, 욕심, 안내고, 퍼만, 먹고, 나왔다, 밑에서, 다시, 올까, 생각중",0,1,9,-1,부정,0.1
256,카카오뱅크,C컵독신녀,2분 전,일희일비,하지말고 딱 일년만 묻어둬봐 그럼 15000 윈대 가 잇슬거야,2026-02-11 13:42:12,"하지말고, 일년만, 묻어둬봐, 그럼, 윈대, 잇슬거야",0,0,6,0,중립,0.0
257,아크릴,샘들이,2분 전,안티글 올리는 지금도 주가는 상승하고 있다..,안티글 적을시간에 올라타라~~ 진득히 가지고있으면 상가있다~ 내일 갭까지 주는종목이다~~ ㅉㅉ,2026-02-11 13:42:12,"안티글, 적을시간에, 올라타라, 진득히, 가지고있으면, 상가있다, 내일, 갭까지, 주는종목이다",1,1,7,1,긍정,0.222
258,이스트소프트,하나둘셋,2분 전,하나더 잡개미헌터,날 차단해서 나한테는 글이 안보여서 뭐라는지 알수없지만 대충 감은온다 수리수리 하고 잡개미헌터 그들이 광고하는 종목 맹신해선 절대 안된다 떠바치기용 매수자 될수잇음 단 단타 잘하면 들어가서 단타로 조금식 먹고 나올수는 있다 근데 꽉잡으란다고 잡고 기다리다간 폐가망신 수리랑 잡개미 그 밑에 댓글다는애들 다 한패거리,2026-02-11 13:42:12,"차단해서, 나한테는, 글이, 안보여서, 뭐라는지, 알수없지만, 대충, 감은온다, 수리수리, 하고",3,4,31,-1,부정,0.184
259,CG인바이츠,차트꼬라지하고는,2분 전,상한가 7종목...,"그중 3종목이 동전주...ㅋㅋㅋ 개바이츠야~ 호재 언제 나오노??? 몇일전 언급한 코디 이제 지폐주로 등극했다. 금호에이치티도 차트이쁘네...금호 상한가 확률이 높을까, 이런씨지 10% 오르는 확률이 높을까?",2026-02-11 13:42:12,"그중, 종목이, 동전주, 개바이츠야, 호재, 나오노, 몇일전, 언급한, 코디, 이제",3,0,19,8,긍정,0.136
260,우리기술,희망찬속보기술자,2분 전,낼도 가장!!,ㅎㅎㅎㅎㅎㅎㅎ 조아,2026-02-11 13:42:12,조아,0,0,1,0,중립,0.0
261,미국 USD,객관적관점,2분 전,[윤어게인 지지] 뭉쳐서 함께 싸워서 버티고 또 버텨서 반드시 이깁시다!!!!,"솔직히, 국민의힘을 온전히 믿지는 못하겠습니다. 그러나, 저는 선거날 투표소에 가서 국민의힘에 투표 할 것입니다. 왜냐하면, 민주당 독재, 이재명 독재, 좌파의 사회주의 개헌 움직임을 두고만 볼 수는 없기 때문입니다. 물론, 부정선거를 정면으로 혁파하지 못한다면 가능성이 높지 않을 수 있고, 국힘 내부의 수많은 친중 인사들과 분탕세력을 생각하면 그리 밝아 보이진 않습니다. 하지만, 국민으로서의 소명 의식은 결코 주저 앉아 포기하라고 하지 않습니다. 복합적이고 중첩된 문제 상황에서, 당장할 수 있는 일은 우선 민주당에 반대하는 일입니다. 그게 바로 투표입니다. 먼저 지방선거를 승리하는 일부터 생각합니다. 미국 트럼프의 MAGA 정권은 강력하게 부정선거에 철퇴를 가하고 있습니다. 미국 내 이슈가 최우선이지만, 결국 글로벌 부정선거 카르텔을 놔두고는 근본적으로 중국 공산당에 의한 글로벌 하이브리드 분탕질을 근절할 수 없음을 인지하고 있기에 결국은 한국의 선관위와 부정선거 세력에 직격탄을 날릴 시점이 다가오고 있습니다. 그 때까지 ""윤어게인""은 ""윤어게인"" 대로 싸우고, 국민의힘은 국민의힘대로 전략적으로 싸우고, 우리 당원들은 우리 당원대로 똘똘 뭉쳐서 와해되지 않아야 하며, 비록 돈벌이 유투버, 온갖 잡스러운 세력일지라도 우리 진영에 함께 하고 있다면 그들을 체찍질하며 함께 싸움을 이끌어 가야 합니다. 진짜 누가봐도 간첩임이 명확한 한동훈계, 이준석계, 오세훈 등등은 반드시 내쳐야 합니다만. 다소 기회주의자 기질이 있어 눈쌀을 찌뿌리게 만드는 정도라면 어느 정도는 눈감고 대 전선을 함께 형상해서 좌파 공산주의에 맞서야 합니다. 미 트럼프 MAGA 정권은 현재 부정선거 혁파를 제1 우선과제로 삼고 있는 이상, 반드시 공조의 기회는 오게 되어 있습니다. 그때까지 우리는 뭉치고 또 뭉쳐야 합니다. 비록 국민의힘이 부족해 보여도, 때론 장동혁 지도부가 미진해 보여도, 절대 흩어져서는 안됩니다!!!! 뭉쳐서 함께 싸워서 버티고 또 버텨서 반드시 이깁시다!!!!",2026-02-11 13:42:12,"솔직히, 국민의힘을, 온전히, 믿지는, 못하겠습니다, 그러나, 저는, 선거날, 투표소에, 가서",3,10,197,-5,부정,0.062
262,SK하이닉스,HH82619,2분 전,"D램, 낸드, HBM 모두 다 할줄아는 삼성전자","HBM만 만들줄 아는 SK하이닉스보다 D램, 낸드, HBM, 파운드리 모두 다 할줄 아는 삼성전자가 지금 같은 변동장세에서는 더 안전하고 유리해요",2026-02-11 13:42:12,"만들줄, 아는, 하이닉스보다, 낸드, 파운드리, 모두, 할줄, 아는, 삼성전자가, 지금",0,1,13,-1,부정,0.071
263,우리기술,김건희급주가조작,2분 전,아니 왜 오늘 오르냐고!!!,월요일에 물량 대부분 정리했는데 타이밍 한번 거지같네,2026-02-11 13:42:13,"월요일에, 물량, 대부분, 정리했는데, 타이밍, 한번, 거지같네",0,0,7,0,중립,0.0
264,휴림로봇,구룡포,2분 전,도배를하네,사기꾼들이 도배를하네 아이고 돈벌어 먹을께그렇게없을까? 휴림 좋은정보 안갈켜줘도 되니까 너희 지인들 친인척들 가족들한테 정보 갈키주고 돈 많이 벌어라. 여기방에선 좀 꺼져주면 좋겠다.,2026-02-11 13:42:13,"사기꾼들이, 도배를하네, 아이고, 돈벌어, 먹을께그렇게없을까, 휴림, 좋은정보, 안갈켜줘도, 되니까, 너희",2,2,16,0,중립,0.2
265,SK바이오팜,친근한대응꿀벌,2분 전,아제투칼너,3상 결과 3월을 기다렸?,2026-02-11 13:42:13,"결과, 월을, 기다렸",0,0,3,0,중립,0.0
266,한국비엔씨,바람꽃님,2분 전,그래도 공매도 상관없이 폭등 가능한 주식이라는 점은 긍정적.,공매도는 돈벌기 어렵다. 더 떨어지기가 불가능한 상황.,2026-02-11 13:42:13,"공매도는, 돈벌기, 어렵다, 떨어지기가, 불가능한, 상황",0,2,4,-3,부정,0.333
267,인텔리안테크,광대의제자,2분 전,매수시작,내일을 위해서,2026-02-11 13:42:13,"내일을, 위해서",0,0,2,0,중립,0.0
268,나라스페이스테크놀로지,파아란v,2분 전,오버행 조심,누르는게 아니고 올라오면 판다... 새력도 그래서 안 올린다... 하락횡보 3월에 보호예수 물량 또 풀린다... 아찔.. 조심조심,2026-02-11 13:42:13,"누르는게, 아니고, 올라오면, 판다, 새력도, 그래서, 올린다, 하락횡보, 월에, 보호예수",1,3,10,-2,부정,0.286
269,알테오젠,무도회,2분 전,순대한접시,이걸배당이라고 생색내냐 껌값도아니고 순대게늠 껌사서 순대게라생각하고 질근질근 10고십다,2026-02-11 13:42:14,"이걸배당이라고, 생색내냐, 껌값도아니고, 순대게늠, 껌사서, 순대게라생각하고, 질근질근, 고십다",1,1,6,1,긍정,0.25
270,LG전자,주식은존버가이김,2분 전,폭락직전ㅋㅋ,자자 설거지 드간다,2026-02-11 13:42:14,"자자, 설거지, 드간다",0,0,3,0,중립,0.0
271,하이트진로,철이다,2분 전,진로,남들 다갈때 이놈은 소주 맥주 짬뽕해서 만이 마셨는가 정신을 못차리네요~ㅠㅠ,2026-02-11 13:42:14,"남들, 다갈때, 이놈은, 소주, 맥주, 짬뽕해서, 만이, 마셨는가, 정신을, 못차리네요",0,1,9,-1,부정,0.1
272,KODEX 200선물인버스2X,니나노888,2분 전,야수의 심장으로 매수한다는 주식 명언이 있지?,지금의 곱버스는?? 짐승의 심장으로 매수하는거다 이해하냐 곱등아?,2026-02-11 13:42:14,"지금의, 곱버스는, 짐승의, 심장으로, 매수하는거다, 이해하냐, 곱등아",1,0,6,1,긍정,0.143
273,흥구석유,착한사람,2분 전,흥,흥 흥구야 잉 다시 만 삼천원대로 가자 잉 백주 삽입하게 잉 흥구 멍구 황구 신나 발라서 삽입 퐁 퐁 찌르게 잉 ㅎㅎ,2026-02-11 13:42:14,"흥구야, 다시, 삼천원대로, 가자, 백주, 삽입하게, 흥구, 멍구, 황구, 신나",1,0,12,1,긍정,0.077
274,두산에너빌리티,매너있는잔고영웅,2분 전,지금 못 잡으면 오후엔 추격입니다,1시 이후 버티는 종목은 더 갑니다,2026-02-11 13:42:14,"이후, 버티는, 종목은, 갑니다",1,0,3,1,긍정,0.25
275,롯데쇼핑,장투인듯장투아닌단타같은나,2분 전,12 고점 매도 승리자,축하드립니다 고점찍고 이제 하락 시작이네요. 현백 폭락 이마트 롯쇼 긴 윗꼬리 형성 전형적인 고점패턴... 고점 매도자분들 축하드립니다 K국장은 줄때 먹는것이 승리자. 저점매수 기회 매번 오거든요...,2026-02-11 13:42:15,"축하드립니다, 고점찍고, 이제, 하락, 시작이네요, 현백, 폭락, 이마트, 롯쇼, 윗꼬리",2,3,19,-3,부정,0.208
276,아크릴,라파엘라,2분 전,단기 8만짜리다,ㅉㅉ 매도하면 베아플걸 ㅋㅋ,2026-02-11 13:42:15,"매도하면, 베아플걸",0,1,1,-1,부정,0.5
277,실리콘투,김뻥투기,2분 전,솔직히 이종목은 중간이없음,실적잘나오면 20% 조금이라도 빗나가면 -20% 참고로 2연벙 당해봄,2026-02-11 13:42:15,"실적잘나오면, 조금이라도, 빗나가면, 참고로, 연벙, 당해봄",0,0,6,0,중립,0.0
278,두산퓨얼셀,신중하자한방이다,2분 전,곧 출발한다,ㅋㅋㅋㅋㅋㅋㅋㅋ,2026-02-11 13:42:15,,0,0,0,0,중립,0.0
279,서남,마이튜러,2분 전,상온초전도체 개발했다면,대방인데 말이쥐`,2026-02-11 13:42:15,"대방인데, 말이쥐",0,0,2,0,중립,0.0
280,현대ADM,nan바람소리,2분 전,내일 은 상간다,내일은. 상 가자,2026-02-11 13:42:16,"내일은, 가자",1,0,1,1,긍정,0.5
281,톱텍,Thdhhdjjxhx,2분 전,재무로 보면 이 기업은 침몰하는 중임,재무 좋을때도 주가는 바닥이었음 코스닥 천시대에 아직도 600대에 살고 있는 톱텍,2026-02-11 13:42:16,"재무, 좋을때도, 주가는, 바닥이었음, 코스닥, 천시대에, 아직도, 대에, 살고, 있는",1,0,10,1,긍정,0.091
282,네이처셀,후이아이,2분 전,게시판에 공매도가 어딨냐 ㅌㅋㅋ,돈많고 똑똑한 집단인데 ㅋㅋㅋㅋ 구정쉬고 실망매물 가주아 !!!!,2026-02-11 13:42:16,"돈많고, 똑똑한, 집단인데, 구정쉬고, 실망매물, 가주아",0,1,5,-2,부정,0.167
283,앱코,30프로,2분 전,앱코 폭등할거같다,상승 여력 : 서울시장 정치 테마주 고배당주 동전주 자사주 소각 흑자전환 하락 여력 : 4분기 실적 결론 : 6월 지방 선거철에 폭등각이다,2026-02-11 13:42:16,"상승, 여력, 서울시장, 정치, 테마주, 고배당주, 동전주, 자사주, 소각, 흑자전환",3,1,14,5,긍정,0.222
284,OCI홀딩스,대표학벌이주가핵심,2분 전,실적도 없고 부실기업 인수했지! 할만큼 했어 PBR0 7 이제 팔고떠나라,ㅋㅋㅋㅋㅋ,2026-02-11 13:42:16,,0,0,0,0,중립,0.0
285,한미반도체,푸른바다푸른하늘이,2분 전,낼옵션만기,이기도 하구 억지로 죄금 누르네 명절 지나야 되긋네 ㅎ,2026-02-11 13:42:16,"이기도, 하구, 억지로, 죄금, 누르네, 명절, 지나야, 되긋네",0,0,8,0,중립,0.0
286,현대차,의리없는똥괭이,2분 전,내 살다살다 외국인이 개미한테 깨진 종목은 처음봤다. 현대차 대단하네..,개미 큰손인가?,2026-02-11 13:42:17,"개미, 큰손인가",1,0,1,2,긍정,0.5
287,에이비엘바이오,대변감별사,2분 전,회사 IR담당과 통화해보면 알수있다@,"기술이 진짜라고 확신했고 가치는 곧 드러날거다. 삼천당, 한미렁 비교해 보면 알거다.",2026-02-11 13:42:17,"기술이, 진짜라고, 확신했고, 가치는, 드러날거다, 삼천당, 한미렁, 비교해, 보면, 알거다",1,0,9,2,긍정,0.1
288,KG모빌리언스,캑터스프라이빗에쿼티,2분 전,주가 하락 그리고 누르기를 방치하는 사측은 미필적 고의에 의한 부작위에 해당 배임죄를 저지르고 있는 것입니다,"주가 등락 여부를 떠나 반드시 KG사측의 책임을 물어야 할 것입니다. 주가조작 세력에 의해 주가가 현저히 훼손될 때 회사측에서 이를 방임 내지 방기 한다면 이것은 형법 제 18조 '미필적 고의에 의한 부작위' 관련 범죄가 성립 될 수 있는가의 여부에 대해서 알아 봅시다. 주가조작 세력에 의해 주가가 현저히 훼손 되고 있음에도 회사측 경영진이 이를 방임 방기한 행위는 상황에따라 미필적고의에 의한 부작위 관련 범죄 특히 업무상 배임죄가 성립될 가능성이 있습니다. 법적 쟁점과 근거는 다음과 같습니다. 미필적 고의에 의한 부작위(부진정부작위범)의 일반적인 근거 규정은 대한민국 형법 제18조(부작위범)입니다. 세부 내용은 다음과 같습니다. 형법 제18조(부작위범): ""위험의 발생을 방지할 의무가 있거나 자기의 행위로 인하여 위험발생의 원인을 야기한 자가 그 위험발생을 방지하지 아니한 때에는 그 발생된 결과에 의하여 처벌한다"". 미필적 고의와의 결합: 위험 발생 가능성을 인식하고도(미필적 고의) 마땅히 해야 할 행위를 하지 않아(부작위) 결과가 발생했다면, 이 조항을 근거로 처벌받게 됩니다. 이상에서 알수있듯 우리는 KG그룹 전계열사 경영진 주담 및 관련 이사진 등을 주가조작 방조범으로 그 법적책임을 물을 수가 있는 것입니다. 그룹 전체 계열사 수십만명의 주주들이 오랜 세월 동안 재산상 손실을 어마어마하게 보고 있습니다 누가 주가조작 작전세력이든 간에 그것보다 더 중요한 것은 주식을 상장한 상장사를 경영하는 회사측이 주가를 2년 이상 하락시키는 즉 정체 불명 외국인 프로그램 계정으로 무한 반복적으로 주가 상승을 막고 하락시키는 행위에 대해 사측 주담 등이 그것을 방임함으로 인해 막대한 재산상 손실을 보고 있는 일반 소액 주주들의 권익을 심각하게 침해한 행위에 대해서는 형법제 18조에서 규정하고있는 미필적 고의에 의한 부작위, 업무상 배임에 해당된다고 할 것이며 이를 근거로 반드시 그 책임을 물어야 하고 사측은 그 죄과에 대해 응당 법적 책임을 져야만 할 것입니다.",2026-02-11 13:42:17,"주가, 등락, 여부를, 떠나, 반드시, 사측의, 책임을, 물어야, 것입니다, 주가조작",1,11,209,-17,부정,0.054
289,현대차,통찰주식,2분 전,현차는 길게봐라 길게. 이런 기업 또 나오기 힘들다.,이런 좋은 주식장세에 이런 기업은 진짜 천운이다.,2026-02-11 13:42:17,"이런, 좋은, 주식장세에, 이런, 기업은, 진짜, 천운이다",1,0,6,1,긍정,0.143
290,디앤디파마텍,업고놓자,2분 전,이번주,9가까이간다들 기다리세요,2026-02-11 13:42:17,"가까이간다들, 기다리세요",0,0,2,0,중립,0.0
291,POSCO홀딩스,감성적인패턴지휘자,2분 전,현대제철 8프포 오르고,내일 2프로 정도 떨구면 이놈은 0.2프로 오른 주제에 5프로 떨어지겠네 ㅋㅋ,2026-02-11 13:42:17,"내일, 프로, 정도, 떨구면, 이놈은, 프로, 오른, 주제에, 프로, 떨어지겠네",1,1,8,0,중립,0.2
292,제일바이오,눈치챈상승테마지성인,2분 전,이거 마지막 거래 가능일이언제임?,30오면 살꺼임,2026-02-11 13:42:18,"오면, 살꺼임",0,0,2,0,중립,0.0
293,SK이노베이션,주식고수단계,2분 전,"매수가 268,500원 손실이 커서 빠쟈=ㅕ 낭ㅎ지 못하고 있어요. 살려 주세요.SK온 분할전 매수 했는데",언제 원금 찾을수 있나요.,2026-02-11 13:42:18,"원금, 찾을수, 있나요",0,0,3,0,중립,0.0
294,미코,헌신적인세력코뿔소,2분 전,이틀 동안에,아무 이유 없이 주가가 10 포인트 넘게 빠졌으면은 분명히 이유가 있다. 투자가들 속이지 말고 회사 사주는 그 내용을 밝혀라.,2026-02-11 13:42:18,"아무, 이유, 없이, 주가가, 포인트, 넘게, 빠졌으면은, 분명히, 이유가, 있다",0,1,16,-1,부정,0.059
295,한전산업,대체,2분 전,못가는,뒈체 왜 못가지? 징하다 빨리올려라,2026-02-11 13:42:18,"뒈체, 못가지, 징하다, 빨리올려라",0,1,3,-1,부정,0.25
296,JYP Ent.,레골라스,2분 전,72000원에 12월에 사서 여태 들고있는데,참나 수수료도 안나오네;;;;;;;;;;;; 어이가 없네........ 나갈까 그냥 나가는거 추천 '좋아요' 좀더버텨요 추천 '나빠요',2026-02-11 13:42:18,"참나, 수수료도, 안나오네, 어이가, 없네, 나갈까, 그냥, 나가는거, 추천, 좋아요",1,3,9,-2,부정,0.308
297,우리기술,사교적인매도히어로,2분 전,대박이긴한듯,".,.,.,.,...... 덕분에 감사합니다 .,.,.,.,......",2026-02-11 13:42:18,"덕분에, 감사합니다",0,0,2,0,중립,0.0
298,아크릴,qleldh10,2분 전,수익율,고점까지는 간다고 보고 매수 바람,2026-02-11 13:42:19,"고점까지는, 간다고, 보고, 매수, 바람",1,0,4,1,긍정,0.2
299,두산에너빌리티,K개미는대단함ㅋ,2분 전,우리기술 상 ㅅ ㅅ ㅅ ㅅ ㅅ ㅅ ㅅ,ㅅㅅㅅㅅㅅㅅㅅㅅㅅㅅㅅㅅ꺼어어어억,2026-02-11 13:42:19,꺼어어어억,0,0,1,0,중립,0.0
300,LG디스플레이,vlg,2분 전,죽치고 있는 공매군을 향하여 천무5 발사!,발사! 발사! 발사!,2026-02-11 13:42:19,"발사, 발사, 발사",0,0,3,0,중립,0.0
301,롯데쇼핑,까나리액젓같네,2분 전,아쉽네여 유감입니다,음봉전환 되는거 아닌지? 그간 상승기울기가 높아서 피로한계에 다달았다고 하니 개미님들이 개거품을 물고 ZR을 하시는거 보니깐 더더 피곤하네여,2026-02-11 13:42:26,"음봉전환, 되는거, 아닌지, 그간, 상승기울기가, 높아서, 피로한계에, 다달았다고, 하니, 개미님들이",3,0,13,6,긍정,0.188
302,SK이터닉스,거래폭발,2분 전,욕심내지 말기,비중잡은거 지키고 아랫단 불타기 호가만 보고 안 주면 말고 날라가는거 없음,2026-02-11 13:42:26,"비중잡은거, 지키고, 아랫단, 불타기, 호가만, 보고, 주면, 말고, 날라가는거, 없음",0,1,9,-1,부정,0.1
303,스피어,애교있는투자소식타조,2분 전,이번주 2만원대로 돌아갈듯,헐..ㅋㅋㅋ 개떨어지네,2026-02-11 13:42:27,개떨어지네,1,0,0,2,긍정,1.0
304,두산에너빌리티,JustDoIt2025,2분 전,심장 터질 꺼 같아.. 빨리좀 어떻게 해봐,미칠꺼 같아....밥 생각도 안나. 아무것도 못하겠어....,2026-02-11 13:42:27,"미칠꺼, 같아, 생각도, 안나, 아무것도, 못하겠어",0,2,4,-2,부정,0.333
305,이마트,세력이기는개미,2분 전,공매풀베감ㅋ,간만에 공매로 돈벌자,2026-02-11 13:42:27,"간만에, 공매로, 돈벌자",0,0,3,0,중립,0.0
306,핀텔,샀다하면따블,2분 전,핀텔 투자사 4연상중 ㅋㅋ,아무래도 냄새난다 자료수집해서 신고해야겠다,2026-02-11 13:42:27,"아무래도, 냄새난다, 자료수집해서, 신고해야겠다",0,0,4,0,중립,0.0
307,뉴로핏,완전한상승테마킹,2분 전,제바는 원래 이런거지,흐름이 상승할 가능성이 높아 투자하긴 좋은데 시총이작아 변동성이 클뿐 생각한데로만 버티고 잘 가면 될듯,2026-02-11 13:42:27,"흐름이, 상승할, 가능성이, 높아, 투자하긴, 좋은데, 시총이작아, 변동성이, 클뿐, 생각한데로만",2,0,11,3,긍정,0.154
308,LS네트웍스,진심투자자,2분 전,ls계열은 눈도 돌리지 마라,빤스런하는 넘들이 너무 많다 gs로~~^^,2026-02-11 13:42:27,"빤스런하는, 넘들이, 너무, 많다",0,0,4,0,중립,0.0
309,삼성전자,산바닷,2분 전,텨~~,떨어지기전에 지금 텨~~!,2026-02-11 13:42:28,"떨어지기전에, 지금",0,1,1,-2,부정,0.5
310,삼표시멘트,man4c,2분 전,오늘은 이정도만 해도 볼만하것어,ㅋㅋㅋㅋㅋ,2026-02-11 13:42:28,,0,0,0,0,중립,0.0
311,LG에너지솔루션,도람푸우,2분 전,"lg에너지솔루션, 로봇 업체 6곳에 배터리 공급..""북미 ev 자산 활용해 ess 수요 맞출 것""","김동명 lg엔솔 사장 ""북미 ev 자산 활용해 ess 수요 맞출 것"" [시대 정연 기자] 김동명 lg에너지솔루션 사장이 ""북미 ev(전기차) 생산 라인을 활용해 급성장하는 에너지저장장치(ess) 수요를 흡수할 계획""이라고 11일 밝혔다. 김 사장은 이날 jw메리어트호텔 서울에서 열린 2026년 한국배터리산업협회 이사회·총회 참석 전에 기자들과 만나 ""수주·개발·생산 활동 세 가지를 열심히 해 최대한 실적향상에 대한 자신감"" 을 밝혔다. lg에너지솔루션은 최근 글로벌 완성차업체 스텔란티스와의 캐나다 합작법인 '넥스트스타 에너지'를 100% 자회사로 전환했다. 리튬·인산·철(lfp) 배터리 소재 국산화 전략에 대해선 ""국내에 lfp 케미스트리를 생산하려는 업체들이 많이 있는데 이 중에서 엘앤에프와 협력하려고 한다""며 ""북미산 쪽으로 적용하기 위해 노력하고 있다""고 했다. 로봇 업체들과의 협력도 공고히 할 방침이다. lg에너지솔루션은 로봇 업체 6곳에 배터리를 공급한다고 밝힌 바 있다. 김 사장은 ""현재 대부분이 알고 있는 로봇 업체들과 관계를 맺고 있는데 주로 원통형 배터리를 채택한다""며 ""에너지 고밀도, 고출력이 필요한 경우도 있어서 궁극적으로는 전고체 전지 쪽으로 가야 할 것 같다""고 말했다.",2026-02-11 13:42:28,"김동명, 엔솔, 사장, 북미, 자산, 활용해, 수요, 맞출, 시대, 정연",2,1,121,2,긍정,0.024
312,에코프로,꿀꾸리꾸에엑꿀꿀,2분 전,아직도,빌빌되고 있네,2026-02-11 13:42:28,"빌빌되고, 있네",0,0,2,0,중립,0.0
313,한화오션,ㄱㄴㄷ,2분 전,목 금 코스피 신고가,이재며 정부는 설 민심을 잡기위해 코스피를 최고가로 올리는건 다들 아실겁니다. 이래저래 결국 연기금은 박살나고 신규 진입하거나 밪투한 개미들도 같이 박살날겁니다. 각자 알아서 적당히 먹고 미국으로 튀세요. 세수가 부족해서 빚내고 이런저런 세금을 부과할거고 물가는 상승하고 일자리는 줄어들어 결국 힘들어질텐데..미래를 잘 준비하시길..,2026-02-11 13:42:28,"이재며, 정부는, 민심을, 잡기위해, 코스피를, 최고가로, 올리는건, 다들, 아실겁니다, 이래저래",3,2,34,0,긍정,0.128
314,현대ADM,어서요서방님,2분 전,수급분석,주주들이 해보면 참좋을낀데~든든하낀데~안불안할낀데~안털릴낀데~,2026-02-11 13:42:28,"주주들이, 해보면, 참좋을낀데, 든든하낀데, 안불안할낀데, 안털릴낀데",1,2,3,-2,부정,0.5
315,삼성전자,리박스쿨자유대학빤쓰동아리,2분 전,국힘이 윤석렬 버리면 신천지교도들은 낙동강오리알?,빤쓰사랑제일교회 은평폭행제일교회 부산세계로살인교회 천정궁도박교 정명석교미교회 신도들은 뭐가되냐? 낙동강 오리알 신세냐?,2026-02-11 13:42:29,"빤쓰사랑제일교회, 은평폭행제일교회, 부산세계로살인교회, 천정궁도박교, 정명석교미교회, 신도들은, 뭐가되냐, 낙동강, 오리알, 신세냐",0,0,10,0,중립,0.0
316,KODEX 코스닥150,배나드리,2분 전,1880을 누리자,3000까지 1880남았다.,2026-02-11 13:42:29,"까지, 남았다",0,0,2,0,중립,0.0
317,현대ADM,K황태자,2분 전,♡제2의 신라젠♡,똑같은 패턴,2026-02-11 13:42:29,"똑같은, 패턴",0,0,2,0,중립,0.0
318,현대ADM,데스나이트,2분 전,거래량 3600만 ㄷㄷ,종가가 궁금하네요 ㅎ,2026-02-11 13:42:29,"종가가, 궁금하네요",0,0,2,0,중립,0.0
319,서남,성장하는주도주금손,2분 전,⚡월 5천 충분히 가능🚨따라만 오세요~,📌장인의힘📌장인의힘📌🌿텔🌿📌장인의힘📌장인의힘📌,2026-02-11 13:42:29,"장인의힘, 장인의힘, 장인의힘, 장인의힘",0,0,4,0,중립,0.0
320,프리엠스,혼솔,2분 전,한번만보아주세요~간청드립니다,https://petitions.assembly.go.kr/proceed/onGoingAll/48D00A5CC21244EBE064ECE7A7064E8B 무자본 갭투기 기업사냥꾼 행위로부터 소액주주 보호 제도개선 요청안 입니다 동의 좀 부탁드려요 비회원으로도 동의 가능합니다,2026-02-11 13:42:29,"무자본, 갭투기, 기업사냥꾼, 행위로부터, 소액주주, 보호, 제도개선, 요청안, 동의, 부탁드려요",1,1,11,1,긍정,0.154
321,삼성중공업,듀린이,2분 전,"31,600원에 매수한 내가 너무",짜친다...............ㅠㅠㅠㅠㅠㅠㅠㅠㅠㅠㅠㅠㅠㅠㅠㅠㅠㅠㅠㅠㅠㅠㅠ,2026-02-11 13:42:29,짜친다,0,0,1,0,중립,0.0
322,이마트,RIS이,2분 전,호들갑은,충당금 쌓아서 일부러 적자 만들었구만... 예상했던 시나리오인데,2026-02-11 13:42:30,"충당금, 쌓아서, 일부러, 적자, 만들었구만, 예상했던, 시나리오인데",0,1,6,-2,부정,0.143
323,이마트,이타적삶,2분 전,진짜 무서운 인간들 ㅋㅋ,ㅋㅋㅋㅋㅋㅋㅋㅋㅋㅋㅋㅋ,2026-02-11 13:42:30,,0,0,0,0,중립,0.0
324,보성파워텍,인생역전,2분 전,개잡주 매수 금지령 매수 하는순간 쳐물린다,개잡주다 개집주다 개잡주다,2026-02-11 13:42:30,"개잡주다, 개집주다, 개잡주다",3,0,0,6,긍정,1.0
325,NHN KCP,햇보리,2분 전,그러닌낀 결국은 법안이 통과가 안된것이네.,민주당 넘들 니들 선거때 보자.,2026-02-11 13:42:30,"민주당, 넘들, 니들, 선거때, 보자",0,0,5,0,중립,0.0
326,삼성전자,동천왕,2분 전,이상한 시장,코스피 -40까지 하락할 당시 종목들 수익 합계보다 지금 삼성전자 겨우 1% 정도 올랐을 뿐인데 지수는 60-70 상승으로 반전하였고 수익 합계는 오히려 줄었네요. 4천피 5천피가 될수록 시장은 갈수록 이상한 방향으로 가는건 분명한듯.,2026-02-11 13:42:30,"코스피, 까지, 하락할, 당시, 종목들, 수익, 합계보다, 지금, 삼성전자, 겨우",4,1,24,7,긍정,0.172
327,현대차,본죽,2분 전,로스컷 너무 대놓고 보여주는거 아니냐,ㅋㅋㅋㅋㅋ똑같은 자리에서 발악하네,2026-02-11 13:42:31,"똑같은, 자리에서, 발악하네",0,0,3,0,중립,0.0
328,삼표시멘트,kZd,2분 전,삼표시멘트 공매도 세력 리포트 떳네요,"아직도 모르고 있다면 기회 놓치고 있는겁니다. 삼표시멘트 주주방에서 진지하게 소통하고 있습니다. 광고,분탕 절대 오지마세요 https://journal94479.tistory.com/1?n=kBP",2026-02-11 13:42:31,"아직도, 모르고, 있다면, 기회, 놓치고, 있는겁니다, 삼표시멘트, 주주방에서, 진지하게, 소통하고",0,0,14,0,중립,0.0
329,롯데하이마트,kkkk111,2분 전,뭔 일이에요?,띠링하고 봤더니 본전 왔다가 내려갔네요. 미쵸... 다시 1만원 올까요? 제발요.,2026-02-11 13:42:31,"띠링하고, 봤더니, 본전, 왔다가, 내려갔네요, 미쵸, 다시, 만원, 올까요, 제발요",0,1,9,-2,부정,0.1
330,두산에너빌리티,Yejh01,2분 전,!,드디어 8자 보게되는가 ㆍㅎㅎ ㅎ,2026-02-11 13:42:31,"드디어, 보게되는가",0,0,2,0,중립,0.0
331,대호에이엘,bdbdiou,2분 전,종가에 살사람 ㅋ,수두룩 하고마이 ㅋ,2026-02-11 13:42:31,"수두룩, 하고마이",0,0,2,0,중립,0.0
332,플레이그램,jch9008,2분 전,태평양 심해바다냐?,너무하네 ㅋㅋ 걍 나와라 호흡기 멈췄다 ㅋㅋ,2026-02-11 13:42:32,"너무하네, 나와라, 호흡기, 멈췄다",0,0,4,0,중립,0.0
333,KODEX 200선물인버스2X,세이프,2분 전,700원에 산사람들,100% 올라야 본전이구먼 다들 자기 가격 인지는 하구이찌??,2026-02-11 13:42:32,"올라야, 본전이구먼, 다들, 자기, 가격, 인지는, 하구이찌",1,0,6,2,긍정,0.143
334,알테오젠,seve,2분 전,올해도 배당 주더라도.,회사 하는 꼬라지 보면 배당락이 더 큰 회사가 될꺼야.ㅋㅋㅋㅋㅋ 주주환원 같은 소리하고있네. ㅋㅋㅋㅋㅋㅋㅋㅋㅋㅋㅋㅋㅋㅋㅋ 드러웠다~ 간다~,2026-02-11 13:42:32,"회사, 하는, 꼬라지, 보면, 배당락이, 회사가, 될꺼야, 주주환원, 같은, 소리하고있네",1,0,11,2,긍정,0.083
335,카카오뱅크,apt2107,2분 전,자 이제 시작이야 ~~,3만 가즈아~~~^,2026-02-11 13:42:32,가즈아,1,0,0,2,긍정,1.0
336,LG전자,정직한급등추세안내자,2분 전,LG전자 //// 20퍼 가나????,참고 부탁드립니다 ^&^ 78899,2026-02-11 13:42:32,"참고, 부탁드립니다",0,0,2,0,중립,0.0
337,이노테크,신중한매매,2분 전,아크릴봐라,신규상장주는 테마붙으면 저리 가볍게 날라가는거다 이노는 뭐하니?? 언제까지 바닥에서 빌빌댈래??,2026-02-11 13:42:32,"신규상장주는, 테마붙으면, 저리, 가볍게, 날라가는거다, 이노는, 뭐하니, 언제까지, 바닥에서, 빌빌댈래",0,0,10,0,중립,0.0
338,알파벳 Class A,구글링,2분 전,현재만보면 미친 한국주식,하루세 상한가 30퍼 되는게 계속나오고 몇년동안 안오르던 전자 원전 쇼핑 차 금융까지 두달사이 폭등 . . . 하지만 장기투자는 미주식 .,2026-02-11 13:42:33,"하루세, 상한가, 되는게, 계속나오고, 몇년동안, 안오르던, 전자, 원전, 쇼핑, 금융까지",2,2,11,4,긍정,0.267
339,SK하이닉스,우리주,2분 전,이유가 있죠!! sk나쁜넘들,익절이다 익절 더럽다 진짜,2026-02-11 13:42:33,"익절이다, 익절, 더럽다, 진짜",0,0,4,0,중립,0.0
340,에코프로,깜뎅이,2분 전,왕창,사줄게 5만원오면 하하,2026-02-11 13:42:33,"사줄게, 만원오면, 하하",0,0,3,0,중립,0.0
341,삼표시멘트,0HP,2분 전,앞으로,삼표시멘트 주주방에서 이야기 되고 있는 내용이네요. 앞으로 영향이 클것같은데 참고하시고 판단에 도움되시길 https://journal94479.tistory.com/1?n=lIo,2026-02-11 13:42:33,"삼표시멘트, 주주방에서, 이야기, 되고, 있는, 내용이네요, 앞으로, 영향이, 클것같은데, 참고하시고",0,0,12,0,중립,0.0
342,우리기술투자,하쿠놔,2분 전,쏟아진다~~ㅋㅋㅋ,튀어이~~~잇,2026-02-11 13:42:33,튀어이,0,0,1,0,중립,0.0
343,두산에너빌리티,oiltank7,2분 전,서남해 해상풍력 이르면 2월말 입찰,8.000억 규모 경쟁 기업은 조그마한 규모의 회사와 경쟁입찰 수주 확를이 높구나,2026-02-11 13:42:34,"규모, 경쟁, 기업은, 조그마한, 규모의, 회사와, 경쟁입찰, 수주, 확를이, 높구나",0,0,10,0,중립,0.0
344,현대글로비스,자유자본주의대한민국만만만세,2분 전,의선,형님 현차 그룹 현차 주당 2~3주 현글이 주당 5주씩 무상증자 & 액면분할 갑시다요 네? 분명히 한두달만에 현 주가로 올라올겁니다 녜? 지금이 바로 절호의 기회 입니다,2026-02-11 13:42:34,"형님, 현차, 그룹, 현차, 주당, 현글이, 주당, 주씩, 무상증자, 액면분할",2,0,17,3,긍정,0.105
345,삼표시멘트,아씨발기훈이형,2분 전,으이그 내가 몇번을 말하냐,"내가 월욜에 팔라 했어? 안했어? 오전에 반짝 올랐다고 반등이네 뭐네 흥분들 하기는 ㅉㅉ 14,000원에서 입벌리고 대기하고 있을께~~",2026-02-11 13:42:34,"내가, 월욜에, 팔라, 했어, 안했어, 오전에, 반짝, 올랐다고, 반등이네, 뭐네",1,1,14,1,긍정,0.125
346,카카오페이,니애미애비쥴리두창,2분 전,찬티 여러분 고개드세요,찬티 여러분 고개드세요! 당신 오늘은 마이너스 아닙니다 고개드세요 찬티 여러분!!,2026-02-11 13:42:34,"찬티, 여러분, 고개드세요, 당신, 오늘은, 마이너스, 아닙니다, 고개드세요, 찬티, 여러분",2,0,8,4,긍정,0.2
347,에스피소프트,머스마야,2분 전,이건 해도해도 너무하네.,2년이 넘도록 물타고 또 물타고. 아직도 보이지도 않는 저 아늑히 먼 꼭대기가 내 평단가다. 이건 뭐 손실도 어느정도지 장장 2년이라는 기다림이 허망하다...,2026-02-11 13:42:39,"년이, 넘도록, 물타고, 물타고, 아직도, 보이지도, 않는, 아늑히, 꼭대기가, 평단가다",0,3,14,-6,부정,0.176
348,아크릴,Genius,2분 전,시총 한 2조??,까지 직행하고 조정좀 하고 바로 5조클럽으로 갈듯. 올해 10조까지 가봅시다. 굿럭 !!!,2026-02-11 13:42:39,"까지, 직행하고, 조정좀, 하고, 바로, 조클럽으로, 갈듯, 올해, 조까지, 가봅시다",1,1,9,0,중립,0.182
349,두산에너빌리티,덕화님,2분 전,파는 개미들은 주식 왜하냐,쌍끌이 매수에 호실적 발표날인데 왜 파는건지....외인들은 3일째 매집중인데...하도 당해서 그런가?,2026-02-11 13:42:39,"쌍끌이, 매수에, 호실적, 발표날인데, 파는건지, 외인들은, 일째, 매집중인데, 하도, 당해서",2,0,9,2,긍정,0.182
350,아이엠,주식어렵죠,2분 전,1년간 96퍼 폭락 정지 상페심사,1년간 96퍼 폭락할 동안 복합동박 뉴스 100번도 더냇음 이게 사기 아니면 머가 사기임 단하루도 상페정지 얘기 나온적없이 정지 당일 대주주 물량 전량 매도 장마감 정지 이런 경우도 있을까 이미 이것들은 일년간 상페작업 복합동박 뜰때인데 하루에 한번씩 뉴스내도 주가는 오르질 못함 누군가 계속 팔기만 했으니까 사기꾼들 꼭 10년이상 감방에 처박히길,2026-02-11 13:42:39,"년간, 폭락할, 동안, 복합동박, 뉴스, 번도, 더냇음, 이게, 사기, 아니면",0,6,41,-8,부정,0.128
351,스맥,창해일출,2분 전,스맥과 SNT홀딩스에 요청하였습니다.,"안녕하세요. 액트의 스맥소액주주연대 대표 창해일출입니다. 스맥과 SNT 홀딩스에 액트의 스맥소액주주 토론방 게시판에 자유 주제로 홍보글을 올려달라고 요청하였습니다. 글이 올라오면 보신후 소액주주 여러분의 향후 판단에 참고 하시기 바랍니다. 게시 기간, 게시 횟수에는 제한을 두지 않겠습니다.",2026-02-11 13:42:39,"안녕하세요, 액트의, 스맥소액주주연대, 대표, 창해일출입니다, 스맥과, 홀딩스에, 액트의, 스맥소액주주, 토론방",2,2,29,1,긍정,0.121
352,SK하이닉스,물삠,2분 전,와…오늘도 단타로먹음,872000원에 매도걸어놓고 일하는데 ㅋㅋㅋ또 체결 어제도 905000에 매도하고 단타한지 얼마안됫는데 진짜 적중잘되네 ㅋㅋ 사랑해요 하이닉스~~ㅋㅋㅋㅋㅋ,2026-02-11 13:42:40,"원에, 매도걸어놓고, 일하는데, 체결, 어제도, 매도하고, 단타한지, 얼마안됫는데, 진짜, 적중잘되네",0,3,9,-3,부정,0.25
353,현대차,촉좋은급등베테랑,2분 전,내일 숏커버링? 상승 가자~,오늘부터 외인들 숏커버링 들어오나보다 좀더 오르면 커버 힘들듯하니 이제 올라 타는듯,2026-02-11 13:42:40,"오늘부터, 외인들, 숏커버링, 들어오나보다, 좀더, 오르면, 커버, 힘들듯하니, 이제, 올라",2,0,9,3,긍정,0.182
354,SK하이닉스,달려라주식,2분 전,다 삼전으로,심전 20 만들자,2026-02-11 13:42:40,"심전, 만들자",0,0,2,0,중립,0.0
355,카카오뱅크,데이짱,3분 전,28200원 돌파하고 29층 부근오면 돌파 스캘퍼 온다,지금은 거래대금이 부족하다 메릴린치 단타 창구야 얼른 끌어올려야 지들이 매도 하는 알고리즘인데,2026-02-11 13:42:40,"지금은, 거래대금이, 부족하다, 메릴린치, 단타, 창구야, 얼른, 끌어올려야, 지들이, 매도",0,1,11,-1,부정,0.083
356,LG전자,시황흐름주,3분 전,여러분.. 숏커버 안보이십니까...,제 이전글 확인해보시죠..,2026-02-11 13:42:40,"이전글, 확인해보시죠",0,0,2,0,중립,0.0
357,에스앤에스텍,cwy7789,3분 전,나의 예약매도는 교과서다,그대로 밀어라,2026-02-11 13:42:41,"그대로, 밀어라",0,0,2,0,중립,0.0
358,흥아해운,리치코,3분 전,어제 처럼 2분만에 말아 올려봐라,세력들 니들 인정해줄께 1900원 찍어봐라,2026-02-11 13:42:41,"세력들, 니들, 인정해줄께, 찍어봐라",0,0,4,0,중립,0.0
359,한양이엔지,해도된다,3분 전,액티브 펀드 출시 뉴스.............................,"3월 중 출시 확정 확정 단계: 타임폴리오자산운용(3월초확정), 삼성액티브자산운용, 한화자산운용. 검토 단계: 미래에셋자산운용, 한국투자신탁운용, 키움투자자산운용 등도 지수형 및 테마형 신규 상품 출시를 검토 중 자산운용사는 코스닥에서 반도체.우주.원전 실적 가지고 있는.. 심지어 저평가... 심지어 이익잉여금이 시총보다 더 많은 6천억원대인 반도체. 우주항공 기업이 저퍼인.. 한양이엔지 etf에 편입 시켜야 실력 입증 가능한 상황이 되버림. 3월 초 etf출시시 2월중부터 물량확보 작업 시작(시딩) 공매도가 이유도 없이 적극적으로 누르는 작업하고 있는 상황이지만 (이유 혹시 모두가 아는 그거??) 지금 부터는 이조차 어려워짐 고객 예탁금 백조 대기. 한양이엔지 시총 1조 이상으로 리레이팅",2026-02-11 13:42:41,"출시, 확정, 확정, 단계, 타임폴리오자산운용, 월초확정, 삼성액티브자산운용, 한화자산운용, 검토, 단계",1,3,74,-2,부정,0.051
360,포바이포,hamgedoe,3분 전,이렇게 한 번씩 팍 떨궈주면 매수세 더 붙음,그게 지지라인이 되는 거임 ㅋ 일부러 떨구는 거거든~ 이럴 때 털리는 애들을 호구라 하는 거,2026-02-11 13:42:41,"그게, 지지라인이, 되는, 거임, 일부러, 떨구는, 거거든, 이럴, 털리는, 애들을",0,0,12,0,중립,0.0
361,알테오젠,애킨슨,3분 전,회사욕,왜 하는거냐 이벌거지들아 10년간 7000%올랐다 ㅡㅡ 주구장창 오르기만 한 주식에서 니들이 돈 잃었단건 그냥 니들지능문제야,2026-02-11 13:42:41,"하는거냐, 이벌거지들아, 년간, 올랐다, 주구장창, 오르기만, 주식에서, 니들이, 잃었단건, 그냥",0,1,10,-1,부정,0.091
362,한국전력,보이스,3분 전,아고 엉덩이 겁나 무겁네,한전산업은 쉽게 가는구만 기건 뭐 땅에 껌붙여놨나,2026-02-11 13:42:42,"한전산업은, 쉽게, 가는구만, 기건, 땅에, 껌붙여놨나",0,0,6,0,중립,0.0
363,삼영,기쁜차트맛영웅,3분 전,확인 하셔야 됩니다,222134,2026-02-11 13:42:42,,0,0,0,0,중립,0.0
364,티앤알바이오팹,찬티마법사,3분 전,언제 오르냐,언제 오르냐,2026-02-11 13:42:42,오르냐,0,0,1,0,중립,0.0
365,앱튼,쉐력,3분 전,내가 추매해서 300원 이상 올려줄께...,1만주씩 10번 추매 들어간다...,2026-02-11 13:42:42,"만주씩, 추매, 들어간다",0,0,3,0,중립,0.0
366,뉴로메카,뭐라할가,3분 전,튀엇 끝났어,선 다 꺽임....,2026-02-11 13:42:42,꺽임,0,0,1,0,중립,0.0
367,SK이터닉스,RiNo,3분 전,차트 꼬라지보니 개미들 졸라있으니,졸라흔드나보네,2026-02-11 13:42:42,졸라흔드나보네,0,0,1,0,중립,0.0
368,덕신이피씨,우주깡통,3분 전,반도체 수주 떳으니,이제 원전 수주만 하나 더 떠주면 좋겠네,2026-02-11 13:42:43,"이제, 원전, 수주만, 하나, 떠주면, 좋겠네",1,0,5,1,긍정,0.167
369,한온시스템,해박한정보수사관,3분 전,오늘ㅎ ㅏ 루종일 48% 먹었네요,#141241 2,2026-02-11 13:42:43,,0,0,0,0,중립,0.0
370,비엘팜텍,럼프형,3분 전,어제 매도한 나에게 특급칭찬해.,탈출성공^-^,2026-02-11 13:42:43,탈출성공,1,0,0,2,긍정,1.0
371,현대차,css,3분 전,"현대차-엔비디아, GPU 이어 자율주행까지 '동맹 가속화'",11일 업계에 따르면 엔비디아는 연례 개발자 콘퍼런스 ‘GTC 2026’을 다음 달 16일(현지시간) 미국에서 개막한다. 이 행사에서 엔비디아는 자율주행 인공지능(AI) 컴퓨팅 플랫폼 ‘드라이브(Drive AV)’와 자율주행 학습을 위한 시뮬레이션 프로그램 ‘옴니버스(Omniverse)’와 ‘코스모스(Cosmos)’ 등을 선보일 예정이다. https://share.google/YU8XV3MkkZAqCziuJ,2026-02-11 13:42:43,"업계에, 따르면, 엔비디아는, 연례, 개발자, 콘퍼런스, 다음, 현지시간, 미국에서, 개막한다",2,0,25,4,긍정,0.074
372,OCI홀딩스,유리멘탈,3분 전,마지막 개미털기 구간...,속는 바보가 어딨노 ㅋㅋㅋㅋ,2026-02-11 13:42:43,"속는, 바보가, 어딨노",0,1,2,-2,부정,0.333
373,SK하이닉스,사이몽,3분 전,ㅅㅇㅅ,삼전 욕하는 닉스 개미들 니 계좌 까통,2026-02-11 13:42:43,"삼전, 욕하는, 닉스, 개미들, 계좌, 까통",1,0,5,2,긍정,0.167
374,에스피지,올상승,3분 전,올리는척할수도 있어요.,레인보우가 움직 잘 관찰하세요. 레인보우가 올라야 가는 패턴이라서요. 차트상로는 하락세 끝난거같은데. 자꾸 밑으로 가는거보면 매집 기분이 듭니다.,2026-02-11 13:42:44,"레인보우가, 움직, 관찰하세요, 레인보우가, 올라야, 가는, 패턴이라서요, 차트상로는, 하락세, 끝난거같은데",1,2,13,-1,부정,0.188
375,제일바이오,조용하게하자,3분 전,보합가자 ㅋㅋㅋㅋㅋㅋㅋㅋㅋㅋㅋㅋㅋㅋㅋㅋㅋㅋㅋㅋㅋㅋㅋㅋㅋㅋㅋㅋㅋㅋㅋㅋㅋ,ㅋㅋㅋㅋㅋㅋㅋㅋㅋㅋㅋㅋㅋㅋㅋㅋㅋㅋㅋㅋㅋㅋㅋㅋㅋㅋㅋㅋㅋㅋㅋㅋㅋ,2026-02-11 13:42:44,,0,0,0,0,중립,0.0
376,우리기술,redocean,3분 전,게으른 거북이 까불지마라.,내 평균 매수 단가 3621원이니까!!,2026-02-11 13:42:44,"평균, 매수, 단가, 원이니까",1,0,3,1,긍정,0.25
377,삼성전자,Miracle7,3분 전,골드먼삭스 형이 돈버는거 배아파서 JP 모건까지 돈냄새 맡고 뒤늦게 추격매수하네 ㅋㅋㅋㅋ 끝났음 20만전자는 확정요 ^____^ 전군 진격하라,삼성에 영혼을 태아라 !!!,2026-02-11 13:42:44,"삼성에, 영혼을, 태아라",0,0,3,0,중립,0.0
378,제주반도체,햐ㅡㅡ주가관리안하냐,3분 전,엘지전자의 1분기 전망이 그리 좋은가? 제주반도체는 더 좋을텐데~~,"LG전자 (올해의 키워드: '수익성 회복' 및 'AI 재평가') 1분기 전망: 영업이익 1조 6,100억 원 으로 전년 대비 28% 증가 예상 (시장 기대치 17% 상회). 이번주 실적이던 잠정이던 나오고 봅시다~",2026-02-11 13:42:44,"전자, 올해의, 키워드, 수익성, 회복, 재평가, 분기, 전망, 영업이익, 전년",3,1,17,2,긍정,0.19
379,뉴로메카,GGAGGA,3분 전,또 사채발행한겨?,즐거운 설 보내자.,2026-02-11 13:42:44,"즐거운, 보내자",1,0,1,1,긍정,0.5
380,이마트,대주거래자입니다,3분 전,다 함께 외쳐봐요,니가 사면 떨어지는 주식~,2026-02-11 13:42:45,"니가, 사면, 떨어지는, 주식",0,1,3,-2,부정,0.25
381,포스코인터내셔널,담덕님,3분 전,Jp모건 창구분석,와 이것도 모르고 나대는 인간도.있네요 1월 저점부터 그나마 주포창구 입니다 단타치는 놀이터논 모건창구 유심히 봐라 ㅎ 70만주 매수 금액이 정해지면 하루종일 노가다 매수입니다 게시판이 개인.놀이터 화풀이 장소 되버린 에너지가 중요시 되는 시장이 쉽지 않네요 ㅎ ㅎ 성투허세요,2026-02-11 13:42:45,"이것도, 모르고, 나대는, 인간도, 있네요, 저점부터, 그나마, 주포창구, 단타치는, 놀이터논",3,2,28,1,긍정,0.152
382,화천기계,마이너스의발,3분 전,ㅋ,화천 4천원에 산다는애들 한일철강가서 4천원에 사러가면되겟네ㅋㅋㅋㅋㅋㅋㅋㅋ,2026-02-11 13:42:45,"화천, 천원에, 산다는애들, 한일철강가서, 천원에, 사러가면되겟네",0,1,5,-2,부정,0.167
383,한화오션,mmmmm,3분 전,종토방 수다가 수다가,좀 조용히 좀 하고 낑겨져 있어라. 아주 시끄럽기가 하늘을 찌르고 있음. 니네 땜에 부정타서 못올라가고 있어,2026-02-11 13:42:46,"조용히, 하고, 낑겨져, 있어라, 아주, 시끄럽기가, 하늘을, 찌르고, 있음, 니네",1,0,13,2,긍정,0.071
384,이마트,쾌활한해외주식골키퍼,3분 전,퇴직금 반영으로 영익 낮아보이는 거,사실은 2000억 이득 컨센 2배상회,2026-02-11 13:42:46,"사실은, 이득, 컨센, 배상회",0,0,4,0,중립,0.0
385,이마트,래퍼뱃사공팬,3분 전,존버하면 그만이야 ㅋㅋ,존버를 이길 수 있는자는 없다 - 워렌버핏,2026-02-11 13:42:46,"존버를, 이길, 있는자는, 없다, 워렌버핏",1,1,3,0,중립,0.4
386,미래에셋증권,gabriel,3분 전,거짓 정보 투하중,그래!!! 꾼들~~그 아류들~~ 버스탄 것들!!! ~~~ flee as a bird~~~ 사랑하심으로 모든 걸 주신 분 그 이름으로 돌아가야 할 곳 그래!!! 고향!!!,2026-02-11 13:42:46,"그래, 꾼들, 아류들, 버스탄, 것들, 사랑하심으로, 모든, 주신, 이름으로, 돌아가야",0,0,12,0,중립,0.0
387,카카오뱅크,영도3대장,3분 전,이렇게 쉽게 줄놈들이 아닐낀데,장대 음봉 하나만 던져도 기존개미 신규개미 패닉보낼수도있을것같은 느낌,2026-02-11 13:42:46,"장대, 음봉, 하나만, 던져도, 기존개미, 신규개미, 패닉보낼수도있을것같은, 느낌",2,0,6,4,긍정,0.25
388,삼성전자,BNF,3분 전,매도벽 보고 누가 사냐 ㅋㅋㅋ,다던지네 에라...,2026-02-11 13:42:46,"다던지네, 에라",0,0,2,0,중립,0.0
389,지노믹트리,반토막계좌,3분 전,거래량 없이 가다가,몇달이 걸릴지 모르겠지만 갑자기 기사 띄우고 쩜상 패턴이네,2026-02-11 13:42:47,"몇달이, 걸릴지, 모르겠지만, 갑자기, 기사, 띄우고, 쩜상, 패턴이네",1,0,7,3,긍정,0.125
390,HMM,배부르다,3분 전,그나마 LG 자식들이 이익봐서 다행이지.,여기 hmm 자식 하나만 했음 클날뻔 했네.. 1째 LG전자 2째.LG 3째 LG 씨엔에스,2026-02-11 13:42:47,"자식, 하나만, 했음, 클날뻔, 했네, 전자, 씨엔에스",0,0,7,0,중립,0.0
391,대창솔루션,kh112747,3분 전,대솔,갈길이 바쁜데 매도 물량이 너무 많네!,2026-02-11 13:42:47,"갈길이, 바쁜데, 매도, 물량이, 너무, 많네",0,1,5,-1,부정,0.167
392,삼표시멘트,ㅋㅋㅋㅌㅌㅌㅌㅌ,3분 전,세력들 계획이란게 있겠죠??,급하게 낮추거나 혹은 급격하게 올라거나. 어제 2시 38분부터 급격하게 올리던데 이런게 세력인가 싶더라구요. 뭔가 계획에서 수정 되었는지 아님 이것도 계획인건지 이내 급추락. 참 개미들 입장에서는 어렵다. 정말...,2026-02-11 13:42:47,"급하게, 낮추거나, 혹은, 급격하게, 올라거나, 어제, 분부터, 급격하게, 올리던데, 이런게",2,0,23,4,긍정,0.08
393,신성에스티,drib,3분 전,쪼잔한 세력 ssakkii들,고양이 꾹꾹이짓하는것도 아니고. 아주 정성스럽게도 누른다,2026-02-11 13:42:47,"고양이, 꾹꾹이짓하는것도, 아니고, 아주, 정성스럽게도, 누른다",0,1,5,-1,부정,0.167
394,로킷헬스케어,빠른투자판단헌터,3분 전,호실적공시에도 외인&기관외면시 유대표의 유일한 선택..외자유치,"종토방선동꾼이 설치면 종목 망치는길. 줏가는 회사는 공시및실적으로 증명해야 외인&기관 매수세로 올린다. 모든 기술은 결국 숫자로 귀결된다. 기술혁명은 조정으로 끝나지않는다. 시대는 선택이고 타이밍은 기술이다 고로 프로는 품격의 티가나야한다 어떻게든. 누누이 언급했듯이 외인&연기금 눈독들여야만이 시총몇백조 ,주당몇십만원된다. 외인지분율 10%~15%정도 연기금 지속 매수(외인&연기금 외면시 외자유치뿐) 그때가 언제일런지.",2026-02-11 13:42:48,"종토방선동꾼이, 설치면, 종목, 망치는길, 줏가는, 회사는, 공시및실적으로, 증명해야, 외인, 기관",6,3,38,1,긍정,0.191
395,SK이터닉스,매물대치워라,3분 전,모래성같은 가짜 매물대로 장난질,개인들 혼란스럽게하고 물량 빼앗고 프로그램 슈팅ㅌㅌ 패턴 뻔하쥬 그냥 편하게 지켜볼께 주포형 보여줘,2026-02-11 13:42:48,"개인들, 혼란스럽게하고, 물량, 빼앗고, 프로그램, 슈팅, 패턴, 뻔하쥬, 그냥, 편하게",1,0,12,2,긍정,0.077
396,서남,클리너,3분 전,또 한 그릇하고 나갑니다,100밑에서 줍줍 할께요 종가30분전에 빠져나오세요,2026-02-11 13:42:48,"밑에서, 줍줍, 할께요, 종가, 분전에, 빠져나오세요",0,0,6,0,중립,0.0
397,휴젤,방가방가1,2분 전,다들 2시부터 긴장하세요,"실적 나오니, 매도 버튼 준비도 하시고요. 하회 하면 대응하기 힘들게 던집니다 그냥 -10% 가격에 매도 쳐버림. 11월4일 있었던일",2026-02-11 13:42:51,"실적, 나오니, 매도, 버튼, 준비도, 하시고요, 하회, 하면, 대응하기, 힘들게",0,2,14,-2,부정,0.125
398,SK하이닉스,신중한익절나비,2분 전,삼전에 밀리는게 아니라..,삼전이 언론플레이 엄청하구... 닉스는 잠수함 마냥 언론공시자제중이니까요.. 이게 마치 삼전이 더 핫하게 보일수 있는거지요.. 다만 보이는게 다가 아니죠.. 주가가 안빠지는데 그 만한 이유가 있는것입니다..,2026-02-11 13:42:51,"삼전이, 언론플레이, 엄청하구, 닉스는, 잠수함, 마냥, 언론공시자제중이니까요, 이게, 마치, 삼전이",0,2,20,-2,부정,0.091
399,신풍제약,wes9999x,2분 전,기렉같은 회사의 잡주...!!,할말을 잃었다.,2026-02-11 13:42:52,"할말을, 잃었다",0,0,2,0,중립,0.0
400,지엔씨에너지,쿄콩,2분 전,뺄때 스텝이..,앞으로 1.5걷다가..뒤고 2걸음씩 빼네.. 가랑비에 옷 젖는 느낌으로 ㅎㅎㅎ,2026-02-11 13:42:52,"앞으로, 걷다가, 뒤고, 걸음씩, 빼네, 가랑비에, 젖는, 느낌으로",0,0,8,0,중립,0.0
401,현대바이오,바다꾼,2분 전,견,신한공견들 악의축이넹 피똥사길,2026-02-11 13:42:52,"신한공견들, 악의축이넹, 피똥사길",0,0,3,0,중립,0.0
402,파트론,자앗자앗,2분 전,신고가 너에겐 그림의 떡이다,도도리가 적격이어라,2026-02-11 13:42:52,"도도리가, 적격이어라",0,0,2,0,중립,0.0
403,엔투텍,고무통과드럼통,2분 전,어이,니친구 앱튼은 나가리인데 니는 왜오르노 마지막 불꽃이가 마,2026-02-11 13:42:52,"니친구, 앱튼은, 나가리인데, 니는, 왜오르노, 마지막, 불꽃이가",0,0,7,0,중립,0.0
404,카카오페이,따뜻한시황가족,2분 전,물량 쌓아놓고…,저가매수하고 있는듯하네...,2026-02-11 13:42:53,"저가매수하고, 있는듯하네",1,0,1,1,긍정,0.5
405,아세아제지,진짜주주환원은,2분 전,쓰레기 탄거로 폭락하네. 피해액도 없다는데,회사전화하니 피해도 전무하다는덕 뉴스하나로 폭락하네,2026-02-11 13:42:53,"회사전화하니, 피해도, 전무하다는덕, 뉴스하나로, 폭락하네",0,2,3,-5,부정,0.4
406,씨엔플러스,Ric,2분 전,다른데 가서 놀아여 이거 시세 끝났다고 어제 이야기 해줌,이거 붙잡고 있어봐야 시세 안줘요 ㅋㅋㅋㅋ,2026-02-11 13:42:53,"이거, 붙잡고, 있어봐야, 시세, 안줘요",0,1,4,-1,부정,0.2
407,세미파이브,마이스터강,2분 전,이건 걔잡주여 이게 무슨 시총 구천억이냐,ㅋㅋㅋㅋㅋㅋ진짜 움직임보면 사면 잣되는구나 알지,2026-02-11 13:42:53,"진짜, 움직임보면, 사면, 잣되는구나, 알지",0,0,5,0,중립,0.0
408,글로벌에스엠,테리요미,2분 전,사요나라 ㅋㅋㅋㅋ 잣뎄다 진짜,끝 잘먹고갑니다 꺼억,2026-02-11 13:42:53,"잘먹고갑니다, 꺼억",1,0,1,1,긍정,0.5
409,브리지텍,신입,2분 전,예상보다,물량이 별로 없네요? 다들 만원 저 위를 보는건가요?ㅎ,2026-02-11 13:42:54,"물량이, 별로, 없네요, 다들, 만원, 위를, 보는건가요",0,1,6,-1,부정,0.143
410,센코,솔직한판단아이콘,2분 전,위에 매물 많긴한가봐 ㅋㅋ,바로 던져버리네 ㅋㅋ,2026-02-11 13:42:54,"바로, 던져버리네",0,0,2,0,중립,0.0
411,스맥,블랙호,2분 전,이번엔 며칠 빠질까요 ?????,이번에도 6천원 아래로 추락할까요? 아마 설전에 폭락 함 올듯... 그래야 미치거던여..,2026-02-11 13:42:54,"이번에도, 천원, 아래로, 추락할까요, 아마, 설전에, 폭락, 올듯, 그래야, 미치거던여",0,1,9,-3,부정,0.1
412,우리기술,흐뭇한종목시세번역가,2분 전,오늘 도움주셔서 감사합니다~!ㅎㅎ,:' 들어온지는 며칠 안됐지만.. 감사드립니다ㅎㅎ.. :',2026-02-11 13:42:54,"들어온지는, 며칠, 안됐지만, 감사드립니다",0,1,3,-1,부정,0.25
413,에이비엘바이오,마을촌장,2분 전,상한가로 간 놈은 굳건하게 지키고 있는데..,상한가 간다고 같이 갈 것처럼 하더니 요게 뭐야? 그릇이 너무 작다...,2026-02-11 13:42:54,"상한가, 간다고, 같이, 것처럼, 하더니, 요게, 뭐야, 그릇이, 너무, 작다",1,0,9,3,긍정,0.1
414,엘브이엠씨홀딩스,가보자주식,2분 전,내가 머라했냐 엘브는 4월부터다,이건 가망없는주다 1200원에 매수,2026-02-11 13:42:54,"이건, 가망없는주다, 원에, 매수",1,1,2,0,중립,0.5
415,SK하이닉스,주달맛집,2분 전,메릴린치야 너... 린치 한번 당해볼래~~!!!!!!!!!!!,"형이 손목아지 조심하랬지~~ ??? 공매 치려면, 이런 우량주는 건들지마라.. 몽아~~!!!!!1",2026-02-11 13:42:55,"형이, 손목아지, 조심하랬지, 공매, 치려면, 이런, 우량주는, 건들지마라, 몽아",0,1,8,-1,부정,0.111
416,현대차,수석팀장뽕브라,2분 전,반도체 소부장 조벙박을때 전고점 뚫자,3주 오르고 3주 조정 받았다 이제 올라가자 80넘어간다,2026-02-11 13:42:55,"오르고, 조정, 받았다, 이제, 올라가자, 넘어간다",1,1,4,1,긍정,0.333
417,이마트,대주거래자입니다,2분 전,혹시 이마트 코인인가요?,비트코인보다 핫하네요~,2026-02-11 13:42:55,"비트코인보다, 핫하네요",0,0,2,0,중립,0.0
418,LG전자,알바척살자,2분 전,진짜 더러워서 쥐꼬리만큼 먹고 간다,니가 그러니까 4위인거야. 망길만 남은거 아니냐?,2026-02-11 13:42:55,"니가, 그러니까, 위인거야, 망길만, 남은거, 아니냐",0,2,4,-4,부정,0.333
419,엘브이엠씨홀딩스,rlt,2분 전,‘60조 유령코인 사태’ 금융당국 감독 소홀·빗썸 내부통제 한계 드러나,"가상자산 거래소 빗썸의 60조원 규모 비트코인(BTC) 오지급 사태가 시스템 고도화 과정에서 발생한 기본적인 내부통제 부재 때문인 것으로 드러났다. 국회 정무위원회는 11일 긴급 현안질의를 열고 빗썸의 전산 시스템 취약성과 금융위원회·금융감독원 등 당국의 감독 소홀을 강하게 질타했다. 금융당국은 이번 사태를 계기로 거래소 등 가상자산 사업자에 금융회사 수준의 내부통제 의무를 부과하는 등 제도개선에 착수했다. 이날 현안질의 핵심은 빗썸의 내부통제 시스템이 왜 작동하지 않았느냐에 집중됐다. 이재원 빗썸 대표는 “거래소 운영 시스템 고도화 과정에서 기존에 탑재됐던 다중결제 시스템이 누락된 채 사고가 발생했다”며 “이벤트 설계 시 지급 한도 계정을 분리하지 못한 점도 인정한다”고 말했다. 앞서 지난 6일 발생한 사고로 오지급된 물량은 62만 BTC로, 당시 시세 기준 약 60조 원에 달한다. 빗썸이 실제 보유한 비트코인(약 4만2000개)의 15배에 달하는 ‘유령코인’이 장부상 발행된 셈이다. 더불어민주당 박상혁 의원의 “이론상 1000만 BTC도 오지급될 수 있었느냐”는 질의에 이 대표는 “이론상 그렇다”고 답해 시스템적 방어선이 부실했음을 시인했다. 금융당국의 안일한 감독체계도 비판의 대상이 됐다. 빗썸은 지난 2024년 7월 가상자산이용자보호법 시행 이후 수차례 점검을 받았으나, 이번 사고의 단초가 된 내부통제 취약점은 사전에 걸러지지 않았다. 민주당 김남근 의원은 “업비트 등 다른 거래소는 5분 단위 실시간 대사 시스템을 운영 중인데 빗썸은 하루 단위로 확인하고 있었다”며 “금융당국이 이런 격차를 왜 방치했느냐”고 질타했다. 이에 이찬진 금융감독원장은 “현행법상 내부통제 기준에 대한 강제력이 없는 제도적인 한계가 있다”면서도 “빗썸에 대해 10일부터 현장검사로 전환해 자금세탁방지 의무 위반 등을 면밀히 점검 중”이라고 밝혔다. 정부는 이번 사태를 ‘가상자산 시장 신뢰를 무너뜨린 엄중한 사건’으로 규정하고 고강도 제도 개선안을 내놨다. 권대영 금융위원회 부위원장은 업무보고를 통해 “금융사에 준하는 내부통제기준 마련을 의무화하고, 전산 사고 발생 시 거래소에 무과실 손해배상 책임을 부과하는 방안을 2단계 법안에 반영하겠다”고 보고했다. 주요 대책으로는 △외부 기관의 주기적인 가상자산 보유현황 점검 의무화 △실시간 자산 대사 시스템(POR) 도입 유도 △고액 거래 발생 시 이상거래탐지(STR) 체계 강화 등이 포함됐다. 특히 민주당 민병덕 의원 등이 지적한 ‘지급의무 확인제(POL)’ 등 기술적인 안전장치 도입도 적극 검토될 전망이다. 사후 수습도 난항이 예상된다. 빗썸은 현재 오지급된 62만 BTC 중 매도된 1788개(약 130억원 상당)를 아직 회수하지 못했다. 빗썸 측은 “미회수 물량은 회사 고유자산으로 우선 매입해 정합성을 맞췄다”고 설명했으나, 사고 직후 발생한 가격 급락(패닉셀)과 강제 청산 피해자들에 대한 구체적인 보상 범위 확정을 두고 진통이 이어질 전망이다.",2026-02-11 13:42:56,"가상자산, 거래소, 빗썸의, 조원, 규모, 비트코인, 오지급, 사태가, 시스템, 고도화",4,22,278,-27,부정,0.086
420,파미셀,오늘도개털이군,2분 전,선행스펜 빠저 나온다,그때는 늦으리 ㅋㅋㅋㅋ,2026-02-11 13:42:56,"그때는, 늦으리",0,0,2,0,중립,0.0
421,SK바이오사이언스,Ykk,2분 전,Sk개바사,불나서 없어지길 기원 26일 차. 사기꾼 회사야. ㅋ 수주 능력도 없고 기술도 없고 사기꾼이 하는짓? 남들 개발해 놓은거에 발 담그고 ㅋ 개나 소나 돈있으면 다하는 임상이나 대신 해주고 ㅋ 지들이 뭔 실력이나 있는것 처럼 자랑 질이나 하면서 다음 사기칠 밑 그림 그리겠지. 왜 ? 남은 돈이 3000억 정도겠지 ㅋ 1년 안에 주주님들 한테사기쳐야 ㅋ 또 몇년 호의호식하며 살테니까.,2026-02-11 13:42:56,"불나서, 없어지길, 기원, 사기꾼, 회사야, 수주, 능력도, 없고, 기술도, 없고",2,4,37,0,부정,0.14
422,에이프로젠,행복한남자,2분 전,주식 없는 king구라쟁이(구:주식king),에젠 685원 25만주 보유자라고 해서 인증요청 어제 추매한 내역 인증 그리고 현재 오늘 에젠 보유주식 및 평잔 인증 하세요~ 이것들 글 살지러 아는거냐~ㅋㅋㅋㅋ 에젠 포토샵 돌리고 있남~ㅋㅋㅋㅋ,2026-02-11 13:42:56,"에젠, 만주, 보유자라고, 해서, 인증요청, 어제, 추매한, 내역, 인증, 그리고",0,0,24,0,중립,0.0
423,인스웨이브,한화오션대주주,2분 전,피씨방에 사발면이나 납품해라,뻘짖 그만하고,2026-02-11 13:42:56,"뻘짖, 그만하고",0,0,2,0,중립,0.0
424,더본코리아,커여운까미,2분 전,코스피에 어묵을 넣지말라는 법이 있을까?,고정관념을 깨란 말이쥬~,2026-02-11 13:42:56,"고정관념을, 깨란, 말이쥬",0,0,3,0,중립,0.0
425,제주은행,찢두로를재판하라,2분 전,은행주 단타처먹는 유일한 넘,잡주은행 써글,2026-02-11 13:42:57,"잡주은행, 써글",0,0,2,0,중립,0.0
426,대창,123345,2분 전,영업이익 500억 넘음 ㄷㄷ 60%이상 상승,매출1.5조육박,2026-02-11 13:42:57,"매출, 조육박",0,0,2,0,중립,0.0
427,포스코퓨처엠,공감하면엄지척,2분 전,유진,이기업은 또 뭐냐 이것도 공매기업이네,2026-02-11 13:42:57,"이기업은, 뭐냐, 이것도, 공매기업이네",0,0,4,0,중립,0.0
428,센코,peterlch,2분 전,f휴머노이드 로봇의 진화,시각 청각 후각 촉각 다가져야 인간형 로봇이 됨,2026-02-11 13:42:57,"시각, 청각, 후각, 촉각, 다가져야, 인간형, 로봇이",0,0,7,0,중립,0.0
429,이마트,다담이,2분 전,좀 심하다,600프로가 애들 장난이냐 근데 기관하고 연기금은 뭐하는거야 방어안하고,2026-02-11 13:42:57,"프로가, 애들, 장난이냐, 근데, 기관하고, 연기금은, 뭐하는거야, 방어안하고",0,1,7,-1,부정,0.125
430,보성파워텍,나그네007,2분 전,제미나이에게 물었다.,오늘 1만원 안착시도. 우리기술 상 안풀리면 20% 전후에서 보성 마감.,2026-02-11 13:42:58,"오늘, 만원, 안착시도, 우리기술, 안풀리면, 전후에서, 보성, 마감",0,2,6,-2,부정,0.25
431,삼화페인트,투투가인,2분 전,인제는 대놓고 패네,페이크 없이?,2026-02-11 13:42:58,"페이크, 없이",0,1,1,-1,부정,0.5
432,삼성전자,11만전자,2분 전,비트코인 5만달러 붕괴 직전,코인매도해서 삼성전자 매수대기자금으로 유입될듯,2026-02-11 13:42:58,"코인매도해서, 삼성전자, 매수대기자금으로, 유입될듯",1,1,2,0,중립,0.5
433,알테오젠,햇살같은수익원리구루,2분 전,배당 말들이 많은데 그래도 이득아닌가,원래 주기로 했던거도 아니고 배당 챙겨준다는데 300원도 돈인데 없는거 보단 낫지 않나요?? 많이 챙겨주겠다 하고 적게 주는거도 아니고 경영진 횡보는 실망스럽지만 확실하게 깔 거만 깝시다 3월전후로 주주부양정책 나오겟죠 뭐,2026-02-11 13:42:58,"원래, 주기로, 했던거도, 아니고, 배당, 챙겨준다는데, 원도, 돈인데, 없는거, 보단",1,5,21,-4,부정,0.222
434,NAVER,영식,2분 전,3차법안 이제 시작이다,안전벨트 메고 5일선 안착했지 다음 은 ?,2026-02-11 13:42:58,"안전벨트, 메고, 일선, 안착했지, 다음",0,2,3,-2,부정,0.4
435,현대지에프홀딩스,30대은퇴자,2분 전,현대홈쇼핑을 완전자회사로 편입하네,이게 웬 떡이냐,2026-02-11 13:42:58,"이게, 떡이냐",0,0,2,0,중립,0.0
436,기업은행,돌멩잇,2분 전,신한은 항상 왜 저래,ㅉ분탕질ㅉ,2026-02-11 13:42:59,분탕질,0,0,1,0,중립,0.0
437,SG,수온이디,2분 전,뜽싸고있네,여섯줄 이상 글쓰지마라 읽기 짜증난다 쓰읍 또 빠진다 거냐안거냐 요것은 안오른다 구찌가 큰 기계로가라 거냐안거냐 괘퐌히구나 채대2580원 오늘 채소 십프로하락이다,2026-02-11 13:42:59,"여섯줄, 이상, 글쓰지마라, 읽기, 짜증난다, 쓰읍, 빠진다, 거냐안거냐, 요것은, 안오른다",1,4,13,-4,부정,0.278
438,비츠로시스,뻑,2분 전,너도 원전주,가즈아~~~,2026-02-11 13:42:59,가즈아,1,0,0,2,긍정,1.0
439,보성파워텍,베스트원은,2분 전,지가 Nxt 인줄,니 주제를 알아라,2026-02-11 13:42:59,"주제를, 알아라",0,0,2,0,중립,0.0
440,동양고속,고수되고파,2분 전,순간 날아갑니다,보세요 쏩니다,2026-02-11 13:42:59,"보세요, 쏩니다",0,0,2,0,중립,0.0
441,삼성전자,gotde,2분 전,외인들이 개미들 물량 싹쓸어 담아가고 있어요,"HBM4 대 성공에 이어서 여기에 더해 2,5배 빠른 기술 특허 출원까지",2026-02-11 13:43:00,"성공에, 이어서, 여기에, 더해, 빠른, 기술, 특허, 출원까지",1,0,7,2,긍정,0.125
442,엑스페릭스,기쁜차트맛영웅,2분 전,확인 하셔야 됩니다,331214,2026-02-11 13:43:00,,0,0,0,0,중립,0.0
443,로킷헬스케어,금수산도령님,2분 전,지금62500원지지가격 무너지면,"61,000원에 기다리겠소~",2026-02-11 13:43:00,"원에, 기다리겠소",0,0,2,0,중립,0.0
444,미래에셋벤처투자,그냥그냥그레,2분 전,시원하게,"내려와라~ 19,000원 매수 대기중.",2026-02-11 13:43:00,"내려와라, 매수, 대기중",1,1,1,-1,부정,0.667
445,현대ADM,WTOP,2분 전,"차트로 오늘 종가 4450원 지키면, 내일 상한가 가능",암 완전관해 재료가 진짜라면 주가는 더 강해야~,2026-02-11 13:43:01,"완전관해, 재료가, 진짜라면, 주가는, 강해야",0,0,5,0,중립,0.0
446,이마트,ㅎㄹㄹㄹ,2분 전,공매 8백만원 수익마감. 욕봐라. ㅋㅋㅋ,아 꼬셔꼬셔 ㅋㅋㅋㅋ,2026-02-11 13:43:01,꼬셔꼬셔,0,0,1,0,중립,0.0
447,OCI홀딩스,우르르쾅콩,2분 전,"실적이 잘나올수가 없다,","반도체쪽 예상치 하회, 건설쪽 적자예상됨, 발전쪽도 적자예상됨 태양광이 그나마 회복이긴한데 예상치대비로 크게 나아지긴어려움, 이미 예상이익이 300~500억이라는데,,, 태양광혼자서 이익700억해줘야되는데 되것냐?",2026-02-11 13:43:01,"반도체쪽, 예상치, 하회, 건설쪽, 적자예상됨, 발전쪽도, 적자예상됨, 태양광이, 그나마, 회복이긴한데",2,2,16,0,중립,0.2
448,엑스페릭스,깅가,2분 전,한번 더 알려줄테니 다들 말 들으렴,내일 무조건 떨어질거같은데~ 오늘 팔고 금욜쉬고 담주에 들어가라,2026-02-11 13:43:01,"내일, 무조건, 떨어질거같은데, 오늘, 팔고, 금욜쉬고, 담주에, 들어가라",0,1,7,-2,부정,0.125
449,롯데하이마트,사루안,2분 전,크흠...,"소매유통 관련주 다른 놈 오를 때 빌빌거리더니 내 한번은 쏠 줄 알았다ㅋㅋㅋ 근데, 후루룩 말아올리고 끝이네?? 망할놈 피뢰침 봐라ㅋㅋㅋㅋㅋㅋㅋ 다행히 걸어놓은 거 팔림",2026-02-11 13:43:01,"소매유통, 관련주, 다른, 오를, 빌빌거리더니, 한번은, 알았다, 근데, 후루룩, 말아올리고",1,2,14,-2,부정,0.176
450,카카오페이,Im,2분 전,캬 꿈틀대는거바라,상한가네요 ㅋㅋ,2026-02-11 13:43:02,상한가네요,1,0,0,3,긍정,1.0
451,현대건설,반도체대세1등주,2분 전,"★ 현대건설: 5배 폭등: 이젠 장기간, 폭락 불가피!","★ 현대건설: 5배 폭등: 이젠 장기간, 폭락 불가피! 5배 폭등에 따른 폭락 시점: 너무 올라 고평가: 하락! ----------------------------------------------------------------------------------------------- ★ 반도체) 엔비디아 3일간 12% 폭등: 삼성전자 10% 폭등 전망: 매수 적기 AI수요 폭증: 반도체 제조업체만 폭등: 삼성전자 대박 1. 삼성전자: 자사주 3.6조 매입(2200만주): 대박: 매수 - 기간: 1월30~4월29: 보통주만 매수: 보통주 매수 유리 - 1일 100만주씩 매수: 지난번 자사주 매수시 급등 했음 2. 삼성전자: 26년 영업이익 245조: 목표가 30만원: 매수 - 엔비디아 영업이익 120조(시총 6600조): 세계 시총 1위 - 삼성전자 영업이익 245조(시총 981조): 70만원 적정가 3. 삼성전자: 엔비디아+AMD+구글 HBM 모두납품: 대박 - 엔비디아 HBM 신규 납품: 200조원 전망: 매출 폭발 - AMD+구글 HBM 납품: 100조원 전망: 폭등 청신호 반도체 D램 가격: 25년 7배 폭등: 26년 100% 또 오른다 반도체 수요급증, 반도체 없어서 못판다: 폭등 사유 충분 ★ 삼성전자: HBM+파운드리+휴대폰(3개업황): 다 좋다 목표가 30만원으로 본, 지금은 저가 매수 절호의 기회!",2026-02-11 13:43:02,"현대건설, 폭등, 이젠, 장기간, 폭락, 불가피, 폭등에, 따른, 폭락, 시점",27,8,71,38,긍정,0.33
452,HJ중공업,전은경,2분 전,상잡주,잡주중에. 최상위잡주구나,2026-02-11 13:43:02,"잡주중에, 최상위잡주구나",0,0,2,0,중립,0.0
453,아크릴,맹구친구영구,2분 전,풍악을 울려라아아아~~~~~,쏴리질러~~~~~^^,2026-02-11 13:43:02,쏴리질러,0,0,1,0,중립,0.0
454,아크릴,몽실통통통,2분 전,다음 타자 뉴로핏,대기 중,2026-02-11 13:43:02,대기,0,0,1,0,중립,0.0
455,다스코,232528,2분 전,이거 명박이 회사 아닌가?,허허허허허,2026-02-11 13:43:02,허허허허허,0,0,1,0,중립,0.0
456,아크릴,포카AAAAAAA,2분 전,따따따블~~~,따따블 따따블 ~~~~,2026-02-11 13:43:03,"따따블, 따따블",0,0,2,0,중립,0.0
457,대창,나는30푸로쩜상묵는상따다,2분 전,실적공시뜨자마자마자시장가로질러서vi만들엇다ㅋㅋㅋㅋㅋㅋㅋㅋㅋㅋㅋㅋㅋㅋㅋㅋㅋㅋㅋㅋㅋㅋㅋㅋㅋㅋ,이빠이먹고나가게이빠이처올려라 ㅋㅋㅋㅋㅋㅋㅋㅋㅋㅋㅋㅋㅋㅋㅋㅋㅋㅋ,2026-02-11 13:43:03,이빠이먹고나가게이빠이처올려라,0,0,1,0,중립,0.0
458,제일바이오,조용하게하자,2분 전,전재산 몰빵 완료 ㅋㅋㅋㅋㅋㅋㅋㅋㅋㅋㅋㅋㅋㅋㅋㅋㅋㅋㅋㅋㅋㅋㅋㅋㅋㅋㅋㅋㅋㅋㅋㅋㅋㅋㅋㅋㅋ,ㅋㅋㅋㅋㅋㅋㅋㅋㅋㅋㅋㅋㅋㅋㅋㅋㅋㅋㅋㅋㅋㅋㅋㅋㅋㅋㅋㅋㅋㅋㅋㅋㅋㅋㅋㅋㅋ,2026-02-11 13:43:03,,0,0,0,0,중립,0.0
459,티엑스알로보틱스,노숙,2분 전,고점에,물리고 손절하고 떠난다 그지같은거,2026-02-11 13:43:03,"물리고, 손절하고, 떠난다, 그지같은거",0,1,3,-2,부정,0.25
460,샌디스크,우주콩,2분 전,-17퍼,버티면 올까요? 아님 물을 어디쯤에서 탈까요? 고견 부탁드립니다,2026-02-11 13:43:03,"버티면, 올까요, 아님, 물을, 어디쯤에서, 탈까요, 고견, 부탁드립니다",0,0,8,0,중립,0.0
461,삼영,해박한정보수사관,2분 전,오늘ㅎ ㅏ 루종일 48% 먹었네요,1412 11111111111111111111,2026-02-11 13:43:04,,0,0,0,0,중립,0.0
462,현대바이오,진성산업개발,2분 전,진짜 신한이랑 후준이,예전에 컨퍼런스 신한이 후원 ㅋㅋ. 둘이. 다 해먹엇나,2026-02-11 13:43:04,"예전에, 컨퍼런스, 신한이, 후원, 둘이, 해먹엇나",0,0,6,0,중립,0.0
463,압타바이오,타락파워전사,2분 전,어째 분위기가,슬슬 내년 으로 기울어 가나여?,2026-02-11 13:43:04,"슬슬, 내년, 기울어, 가나여",0,0,4,0,중립,0.0
464,HD현대일렉트릭,뼝알이,2분 전,하한까아 가즈앙,순시간 퍽락 요이따앙,2026-02-11 13:43:04,"순시간, 퍽락, 요이따앙",0,0,3,0,중립,0.0
465,아크릴,주식은차갑고차분하게,2분 전,아크릴 주주방,https://open.kakao.com/o/gIv5uMfi 오세요,2026-02-11 13:43:04,오세요,0,0,1,0,중립,0.0
466,DL이앤씨,텐버거장투,3분 전,smr 원전 관련주라고 왔더만 개떵이다,개떵이네 젠장할,2026-02-11 13:43:09,"개떵이네, 젠장할",1,0,1,2,긍정,0.5
467,현대바이오,주가조작이꿈입니다,3분 전,내 이럴거 같드라,아침에 욕심 안내고 10퍼만 먹고 나왔다 1만 밑에서 다시 올까 생각중,2026-02-11 13:43:10,"아침에, 욕심, 안내고, 퍼만, 먹고, 나왔다, 밑에서, 다시, 올까, 생각중",0,1,9,-1,부정,0.1
468,카카오뱅크,C컵독신녀,3분 전,일희일비,하지말고 딱 일년만 묻어둬봐 그럼 15000 윈대 가 잇슬거야,2026-02-11 13:43:10,"하지말고, 일년만, 묻어둬봐, 그럼, 윈대, 잇슬거야",0,0,6,0,중립,0.0
469,아크릴,샘들이,3분 전,안티글 올리는 지금도 주가는 상승하고 있다..,안티글 적을시간에 올라타라~~ 진득히 가지고있으면 상가있다~ 내일 갭까지 주는종목이다~~ ㅉㅉ,2026-02-11 13:43:10,"안티글, 적을시간에, 올라타라, 진득히, 가지고있으면, 상가있다, 내일, 갭까지, 주는종목이다",1,1,7,1,긍정,0.222
470,이스트소프트,하나둘셋,3분 전,하나더 잡개미헌터,날 차단해서 나한테는 글이 안보여서 뭐라는지 알수없지만 대충 감은온다 수리수리 하고 잡개미헌터 그들이 광고하는 종목 맹신해선 절대 안된다 떠바치기용 매수자 될수잇음 단 단타 잘하면 들어가서 단타로 조금식 먹고 나올수는 있다 근데 꽉잡으란다고 잡고 기다리다간 폐가망신 수리랑 잡개미 그 밑에 댓글다는애들 다 한패거리,2026-02-11 13:43:10,"차단해서, 나한테는, 글이, 안보여서, 뭐라는지, 알수없지만, 대충, 감은온다, 수리수리, 하고",3,4,31,-1,부정,0.184
471,CG인바이츠,차트꼬라지하고는,3분 전,상한가 7종목...,"그중 3종목이 동전주...ㅋㅋㅋ 개바이츠야~ 호재 언제 나오노??? 몇일전 언급한 코디 이제 지폐주로 등극했다. 금호에이치티도 차트이쁘네...금호 상한가 확률이 높을까, 이런씨지 10% 오르는 확률이 높을까?",2026-02-11 13:43:11,"그중, 종목이, 동전주, 개바이츠야, 호재, 나오노, 몇일전, 언급한, 코디, 이제",3,0,19,8,긍정,0.136
472,우리기술,희망찬속보기술자,3분 전,낼도 가장!!,ㅎㅎㅎㅎㅎㅎㅎ 조아,2026-02-11 13:43:11,조아,0,0,1,0,중립,0.0
473,미국 USD,객관적관점,3분 전,[윤어게인 지지] 뭉쳐서 함께 싸워서 버티고 또 버텨서 반드시 이깁시다!!!!,"솔직히, 국민의힘을 온전히 믿지는 못하겠습니다. 그러나, 저는 선거날 투표소에 가서 국민의힘에 투표 할 것입니다. 왜냐하면, 민주당 독재, 이재명 독재, 좌파의 사회주의 개헌 움직임을 두고만 볼 수는 없기 때문입니다. 물론, 부정선거를 정면으로 혁파하지 못한다면 가능성이 높지 않을 수 있고, 국힘 내부의 수많은 친중 인사들과 분탕세력을 생각하면 그리 밝아 보이진 않습니다. 하지만, 국민으로서의 소명 의식은 결코 주저 앉아 포기하라고 하지 않습니다. 복합적이고 중첩된 문제 상황에서, 당장할 수 있는 일은 우선 민주당에 반대하는 일입니다. 그게 바로 투표입니다. 먼저 지방선거를 승리하는 일부터 생각합니다. 미국 트럼프의 MAGA 정권은 강력하게 부정선거에 철퇴를 가하고 있습니다. 미국 내 이슈가 최우선이지만, 결국 글로벌 부정선거 카르텔을 놔두고는 근본적으로 중국 공산당에 의한 글로벌 하이브리드 분탕질을 근절할 수 없음을 인지하고 있기에 결국은 한국의 선관위와 부정선거 세력에 직격탄을 날릴 시점이 다가오고 있습니다. 그 때까지 ""윤어게인""은 ""윤어게인"" 대로 싸우고, 국민의힘은 국민의힘대로 전략적으로 싸우고, 우리 당원들은 우리 당원대로 똘똘 뭉쳐서 와해되지 않아야 하며, 비록 돈벌이 유투버, 온갖 잡스러운 세력일지라도 우리 진영에 함께 하고 있다면 그들을 체찍질하며 함께 싸움을 이끌어 가야 합니다. 진짜 누가봐도 간첩임이 명확한 한동훈계, 이준석계, 오세훈 등등은 반드시 내쳐야 합니다만. 다소 기회주의자 기질이 있어 눈쌀을 찌뿌리게 만드는 정도라면 어느 정도는 눈감고 대 전선을 함께 형상해서 좌파 공산주의에 맞서야 합니다. 미 트럼프 MAGA 정권은 현재 부정선거 혁파를 제1 우선과제로 삼고 있는 이상, 반드시 공조의 기회는 오게 되어 있습니다. 그때까지 우리는 뭉치고 또 뭉쳐야 합니다. 비록 국민의힘이 부족해 보여도, 때론 장동혁 지도부가 미진해 보여도, 절대 흩어져서는 안됩니다!!!! 뭉쳐서 함께 싸워서 버티고 또 버텨서 반드시 이깁시다!!!!",2026-02-11 13:43:11,"솔직히, 국민의힘을, 온전히, 믿지는, 못하겠습니다, 그러나, 저는, 선거날, 투표소에, 가서",3,10,197,-5,부정,0.062
474,SK하이닉스,HH82619,3분 전,"D램, 낸드, HBM 모두 다 할줄아는 삼성전자","HBM만 만들줄 아는 SK하이닉스보다 D램, 낸드, HBM, 파운드리 모두 다 할줄 아는 삼성전자가 지금 같은 변동장세에서는 더 안전하고 유리해요",2026-02-11 13:43:11,"만들줄, 아는, 하이닉스보다, 낸드, 파운드리, 모두, 할줄, 아는, 삼성전자가, 지금",0,1,13,-1,부정,0.071
475,우리기술,김건희급주가조작,3분 전,아니 왜 오늘 오르냐고!!!,월요일에 물량 대부분 정리했는데 타이밍 한번 거지같네,2026-02-11 13:43:11,"월요일에, 물량, 대부분, 정리했는데, 타이밍, 한번, 거지같네",0,0,7,0,중립,0.0
476,휴림로봇,구룡포,3분 전,도배를하네,사기꾼들이 도배를하네 아이고 돈벌어 먹을께그렇게없을까? 휴림 좋은정보 안갈켜줘도 되니까 너희 지인들 친인척들 가족들한테 정보 갈키주고 돈 많이 벌어라. 여기방에선 좀 꺼져주면 좋겠다.,2026-02-11 13:43:12,"사기꾼들이, 도배를하네, 아이고, 돈벌어, 먹을께그렇게없을까, 휴림, 좋은정보, 안갈켜줘도, 되니까, 너희",2,2,16,0,중립,0.2
477,SK바이오팜,친근한대응꿀벌,3분 전,아제투칼너,3상 결과 3월을 기다렸?,2026-02-11 13:43:12,"결과, 월을, 기다렸",0,0,3,0,중립,0.0
478,한국비엔씨,바람꽃님,3분 전,그래도 공매도 상관없이 폭등 가능한 주식이라는 점은 긍정적.,공매도는 돈벌기 어렵다. 더 떨어지기가 불가능한 상황.,2026-02-11 13:43:12,"공매도는, 돈벌기, 어렵다, 떨어지기가, 불가능한, 상황",0,2,4,-3,부정,0.333
479,인텔리안테크,광대의제자,3분 전,매수시작,내일을 위해서,2026-02-11 13:43:12,"내일을, 위해서",0,0,2,0,중립,0.0
480,나라스페이스테크놀로지,파아란v,3분 전,오버행 조심,누르는게 아니고 올라오면 판다... 새력도 그래서 안 올린다... 하락횡보 3월에 보호예수 물량 또 풀린다... 아찔.. 조심조심,2026-02-11 13:43:12,"누르는게, 아니고, 올라오면, 판다, 새력도, 그래서, 올린다, 하락횡보, 월에, 보호예수",1,3,10,-2,부정,0.286
481,알테오젠,무도회,3분 전,순대한접시,이걸배당이라고 생색내냐 껌값도아니고 순대게늠 껌사서 순대게라생각하고 질근질근 10고십다,2026-02-11 13:43:13,"이걸배당이라고, 생색내냐, 껌값도아니고, 순대게늠, 껌사서, 순대게라생각하고, 질근질근, 고십다",1,1,6,1,긍정,0.25
482,LG전자,주식은존버가이김,3분 전,폭락직전ㅋㅋ,자자 설거지 드간다,2026-02-11 13:43:13,"자자, 설거지, 드간다",0,0,3,0,중립,0.0
483,하이트진로,철이다,3분 전,진로,남들 다갈때 이놈은 소주 맥주 짬뽕해서 만이 마셨는가 정신을 못차리네요~ㅠㅠ,2026-02-11 13:43:13,"남들, 다갈때, 이놈은, 소주, 맥주, 짬뽕해서, 만이, 마셨는가, 정신을, 못차리네요",0,1,9,-1,부정,0.1
484,KODEX 200선물인버스2X,니나노888,3분 전,야수의 심장으로 매수한다는 주식 명언이 있지?,지금의 곱버스는?? 짐승의 심장으로 매수하는거다 이해하냐 곱등아?,2026-02-11 13:43:13,"지금의, 곱버스는, 짐승의, 심장으로, 매수하는거다, 이해하냐, 곱등아",1,0,6,1,긍정,0.143
485,흥구석유,착한사람,3분 전,흥,흥 흥구야 잉 다시 만 삼천원대로 가자 잉 백주 삽입하게 잉 흥구 멍구 황구 신나 발라서 삽입 퐁 퐁 찌르게 잉 ㅎㅎ,2026-02-11 13:43:13,"흥구야, 다시, 삼천원대로, 가자, 백주, 삽입하게, 흥구, 멍구, 황구, 신나",1,0,12,1,긍정,0.077
486,두산에너빌리티,매너있는잔고영웅,3분 전,지금 못 잡으면 오후엔 추격입니다,1시 이후 버티는 종목은 더 갑니다,2026-02-11 13:43:14,"이후, 버티는, 종목은, 갑니다",1,0,3,1,긍정,0.25
487,롯데쇼핑,장투인듯장투아닌단타같은나,3분 전,12 고점 매도 승리자,축하드립니다 고점찍고 이제 하락 시작이네요. 현백 폭락 이마트 롯쇼 긴 윗꼬리 형성 전형적인 고점패턴... 고점 매도자분들 축하드립니다 K국장은 줄때 먹는것이 승리자. 저점매수 기회 매번 오거든요...,2026-02-11 13:43:14,"축하드립니다, 고점찍고, 이제, 하락, 시작이네요, 현백, 폭락, 이마트, 롯쇼, 윗꼬리",2,3,19,-3,부정,0.208
488,아크릴,라파엘라,3분 전,단기 8만짜리다,ㅉㅉ 매도하면 베아플걸 ㅋㅋ,2026-02-11 13:43:14,"매도하면, 베아플걸",0,1,1,-1,부정,0.5
489,실리콘투,김뻥투기,3분 전,솔직히 이종목은 중간이없음,실적잘나오면 20% 조금이라도 빗나가면 -20% 참고로 2연벙 당해봄,2026-02-11 13:43:14,"실적잘나오면, 조금이라도, 빗나가면, 참고로, 연벙, 당해봄",0,0,6,0,중립,0.0
490,두산퓨얼셀,신중하자한방이다,3분 전,곧 출발한다,ㅋㅋㅋㅋㅋㅋㅋㅋ,2026-02-11 13:43:14,,0,0,0,0,중립,0.0
491,서남,마이튜러,3분 전,상온초전도체 개발했다면,대방인데 말이쥐`,2026-02-11 13:43:15,"대방인데, 말이쥐",0,0,2,0,중립,0.0
492,현대ADM,nan바람소리,3분 전,내일 은 상간다,내일은. 상 가자,2026-02-11 13:43:15,"내일은, 가자",1,0,1,1,긍정,0.5
493,톱텍,Thdhhdjjxhx,3분 전,재무로 보면 이 기업은 침몰하는 중임,재무 좋을때도 주가는 바닥이었음 코스닥 천시대에 아직도 600대에 살고 있는 톱텍,2026-02-11 13:43:15,"재무, 좋을때도, 주가는, 바닥이었음, 코스닥, 천시대에, 아직도, 대에, 살고, 있는",1,0,10,1,긍정,0.091
494,네이처셀,후이아이,3분 전,게시판에 공매도가 어딨냐 ㅌㅋㅋ,돈많고 똑똑한 집단인데 ㅋㅋㅋㅋ 구정쉬고 실망매물 가주아 !!!!,2026-02-11 13:43:15,"돈많고, 똑똑한, 집단인데, 구정쉬고, 실망매물, 가주아",0,1,5,-2,부정,0.167
495,앱코,30프로,3분 전,앱코 폭등할거같다,상승 여력 : 서울시장 정치 테마주 고배당주 동전주 자사주 소각 흑자전환 하락 여력 : 4분기 실적 결론 : 6월 지방 선거철에 폭등각이다,2026-02-11 13:43:16,"상승, 여력, 서울시장, 정치, 테마주, 고배당주, 동전주, 자사주, 소각, 흑자전환",3,1,14,5,긍정,0.222
496,OCI홀딩스,대표학벌이주가핵심,3분 전,실적도 없고 부실기업 인수했지! 할만큼 했어 PBR0 7 이제 팔고떠나라,ㅋㅋㅋㅋㅋ,2026-02-11 13:43:16,,0,0,0,0,중립,0.0
497,한미반도체,푸른바다푸른하늘이,3분 전,낼옵션만기,이기도 하구 억지로 죄금 누르네 명절 지나야 되긋네 ㅎ,2026-02-11 13:43:16,"이기도, 하구, 억지로, 죄금, 누르네, 명절, 지나야, 되긋네",0,0,8,0,중립,0.0
498,현대차,의리없는똥괭이,3분 전,내 살다살다 외국인이 개미한테 깨진 종목은 처음봤다. 현대차 대단하네..,개미 큰손인가?,2026-02-11 13:43:16,"개미, 큰손인가",1,0,1,2,긍정,0.5
499,에이비엘바이오,대변감별사,3분 전,회사 IR담당과 통화해보면 알수있다@,"기술이 진짜라고 확신했고 가치는 곧 드러날거다. 삼천당, 한미렁 비교해 보면 알거다.",2026-02-11 13:43:17,"기술이, 진짜라고, 확신했고, 가치는, 드러날거다, 삼천당, 한미렁, 비교해, 보면, 알거다",1,0,9,2,긍정,0.1
500,KG모빌리언스,캑터스프라이빗에쿼티,3분 전,주가 하락 그리고 누르기를 방치하는 사측은 미필적 고의에 의한 부작위에 해당 배임죄를 저지르고 있는 것입니다,"주가 등락 여부를 떠나 반드시 KG사측의 책임을 물어야 할 것입니다. 주가조작 세력에 의해 주가가 현저히 훼손될 때 회사측에서 이를 방임 내지 방기 한다면 이것은 형법 제 18조 '미필적 고의에 의한 부작위' 관련 범죄가 성립 될 수 있는가의 여부에 대해서 알아 봅시다. 주가조작 세력에 의해 주가가 현저히 훼손 되고 있음에도 회사측 경영진이 이를 방임 방기한 행위는 상황에따라 미필적고의에 의한 부작위 관련 범죄 특히 업무상 배임죄가 성립될 가능성이 있습니다. 법적 쟁점과 근거는 다음과 같습니다. 미필적 고의에 의한 부작위(부진정부작위범)의 일반적인 근거 규정은 대한민국 형법 제18조(부작위범)입니다. 세부 내용은 다음과 같습니다. 형법 제18조(부작위범): ""위험의 발생을 방지할 의무가 있거나 자기의 행위로 인하여 위험발생의 원인을 야기한 자가 그 위험발생을 방지하지 아니한 때에는 그 발생된 결과에 의하여 처벌한다"". 미필적 고의와의 결합: 위험 발생 가능성을 인식하고도(미필적 고의) 마땅히 해야 할 행위를 하지 않아(부작위) 결과가 발생했다면, 이 조항을 근거로 처벌받게 됩니다. 이상에서 알수있듯 우리는 KG그룹 전계열사 경영진 주담 및 관련 이사진 등을 주가조작 방조범으로 그 법적책임을 물을 수가 있는 것입니다. 그룹 전체 계열사 수십만명의 주주들이 오랜 세월 동안 재산상 손실을 어마어마하게 보고 있습니다 누가 주가조작 작전세력이든 간에 그것보다 더 중요한 것은 주식을 상장한 상장사를 경영하는 회사측이 주가를 2년 이상 하락시키는 즉 정체 불명 외국인 프로그램 계정으로 무한 반복적으로 주가 상승을 막고 하락시키는 행위에 대해 사측 주담 등이 그것을 방임함으로 인해 막대한 재산상 손실을 보고 있는 일반 소액 주주들의 권익을 심각하게 침해한 행위에 대해서는 형법제 18조에서 규정하고있는 미필적 고의에 의한 부작위, 업무상 배임에 해당된다고 할 것이며 이를 근거로 반드시 그 책임을 물어야 하고 사측은 그 죄과에 대해 응당 법적 책임을 져야만 할 것입니다.",2026-02-11 13:43:17,"주가, 등락, 여부를, 떠나, 반드시, 사측의, 책임을, 물어야, 것입니다, 주가조작",1,11,209,-17,부정,0.054
501,현대차,통찰주식,3분 전,현차는 길게봐라 길게. 이런 기업 또 나오기 힘들다.,이런 좋은 주식장세에 이런 기업은 진짜 천운이다.,2026-02-11 13:43:17,"이런, 좋은, 주식장세에, 이런, 기업은, 진짜, 천운이다",1,0,6,1,긍정,0.143
502,디앤디파마텍,업고놓자,3분 전,이번주,9가까이간다들 기다리세요,2026-02-11 13:43:17,"가까이간다들, 기다리세요",0,0,2,0,중립,0.0
503,POSCO홀딩스,감성적인패턴지휘자,3분 전,현대제철 8프포 오르고,내일 2프로 정도 떨구면 이놈은 0.2프로 오른 주제에 5프로 떨어지겠네 ㅋㅋ,2026-02-11 13:43:17,"내일, 프로, 정도, 떨구면, 이놈은, 프로, 오른, 주제에, 프로, 떨어지겠네",1,1,8,0,중립,0.2
504,제일바이오,눈치챈상승테마지성인,3분 전,이거 마지막 거래 가능일이언제임?,30오면 살꺼임,2026-02-11 13:43:18,"오면, 살꺼임",0,0,2,0,중립,0.0
505,SK이노베이션,주식고수단계,3분 전,"매수가 268,500원 손실이 커서 빠쟈=ㅕ 낭ㅎ지 못하고 있어요. 살려 주세요.SK온 분할전 매수 했는데",언제 원금 찾을수 있나요.,2026-02-11 13:43:18,"원금, 찾을수, 있나요",0,0,3,0,중립,0.0
506,미코,헌신적인세력코뿔소,3분 전,이틀 동안에,아무 이유 없이 주가가 10 포인트 넘게 빠졌으면은 분명히 이유가 있다. 투자가들 속이지 말고 회사 사주는 그 내용을 밝혀라.,2026-02-11 13:43:18,"아무, 이유, 없이, 주가가, 포인트, 넘게, 빠졌으면은, 분명히, 이유가, 있다",0,1,16,-1,부정,0.059
507,한전산업,대체,3분 전,못가는,뒈체 왜 못가지? 징하다 빨리올려라,2026-02-11 13:43:18,"뒈체, 못가지, 징하다, 빨리올려라",0,1,3,-1,부정,0.25
508,JYP Ent.,레골라스,3분 전,72000원에 12월에 사서 여태 들고있는데,참나 수수료도 안나오네;;;;;;;;;;;; 어이가 없네........ 나갈까 그냥 나가는거 추천 '좋아요' 좀더버텨요 추천 '나빠요',2026-02-11 13:43:18,"참나, 수수료도, 안나오네, 어이가, 없네, 나갈까, 그냥, 나가는거, 추천, 좋아요",1,3,9,-2,부정,0.308
509,우리기술,사교적인매도히어로,3분 전,대박이긴한듯,".,.,.,.,...... 덕분에 감사합니다 .,.,.,.,......",2026-02-11 13:43:19,"덕분에, 감사합니다",0,0,2,0,중립,0.0
510,아크릴,qleldh10,3분 전,수익율,고점까지는 간다고 보고 매수 바람,2026-02-11 13:43:19,"고점까지는, 간다고, 보고, 매수, 바람",1,0,4,1,긍정,0.2
511,두산에너빌리티,K개미는대단함ㅋ,3분 전,우리기술 상 ㅅ ㅅ ㅅ ㅅ ㅅ ㅅ ㅅ,ㅅㅅㅅㅅㅅㅅㅅㅅㅅㅅㅅㅅ꺼어어어억,2026-02-11 13:43:19,꺼어어어억,0,0,1,0,중립,0.0
512,LG디스플레이,vlg,3분 전,죽치고 있는 공매군을 향하여 천무5 발사!,발사! 발사! 발사!,2026-02-11 13:43:19,"발사, 발사, 발사",0,0,3,0,중립,0.0
513,에스피소프트,머스마야,3분 전,이건 해도해도 너무하네.,2년이 넘도록 물타고 또 물타고. 아직도 보이지도 않는 저 아늑히 먼 꼭대기가 내 평단가다. 이건 뭐 손실도 어느정도지 장장 2년이라는 기다림이 허망하다...,2026-02-11 13:43:19,"년이, 넘도록, 물타고, 물타고, 아직도, 보이지도, 않는, 아늑히, 꼭대기가, 평단가다",0,3,14,-6,부정,0.176
514,아크릴,Genius,3분 전,시총 한 2조??,까지 직행하고 조정좀 하고 바로 5조클럽으로 갈듯. 올해 10조까지 가봅시다. 굿럭 !!!,2026-02-11 13:43:20,"까지, 직행하고, 조정좀, 하고, 바로, 조클럽으로, 갈듯, 올해, 조까지, 가봅시다",1,1,9,0,중립,0.182
515,두산에너빌리티,덕화님,3분 전,파는 개미들은 주식 왜하냐,쌍끌이 매수에 호실적 발표날인데 왜 파는건지....외인들은 3일째 매집중인데...하도 당해서 그런가?,2026-02-11 13:43:20,"쌍끌이, 매수에, 호실적, 발표날인데, 파는건지, 외인들은, 일째, 매집중인데, 하도, 당해서",2,0,9,2,긍정,0.182
516,아이엠,주식어렵죠,3분 전,1년간 96퍼 폭락 정지 상페심사,1년간 96퍼 폭락할 동안 복합동박 뉴스 100번도 더냇음 이게 사기 아니면 머가 사기임 단하루도 상페정지 얘기 나온적없이 정지 당일 대주주 물량 전량 매도 장마감 정지 이런 경우도 있을까 이미 이것들은 일년간 상페작업 복합동박 뜰때인데 하루에 한번씩 뉴스내도 주가는 오르질 못함 누군가 계속 팔기만 했으니까 사기꾼들 꼭 10년이상 감방에 처박히길,2026-02-11 13:43:20,"년간, 폭락할, 동안, 복합동박, 뉴스, 번도, 더냇음, 이게, 사기, 아니면",0,6,41,-8,부정,0.128
517,스맥,창해일출,3분 전,스맥과 SNT홀딩스에 요청하였습니다.,"안녕하세요. 액트의 스맥소액주주연대 대표 창해일출입니다. 스맥과 SNT 홀딩스에 액트의 스맥소액주주 토론방 게시판에 자유 주제로 홍보글을 올려달라고 요청하였습니다. 글이 올라오면 보신후 소액주주 여러분의 향후 판단에 참고 하시기 바랍니다. 게시 기간, 게시 횟수에는 제한을 두지 않겠습니다.",2026-02-11 13:43:20,"안녕하세요, 액트의, 스맥소액주주연대, 대표, 창해일출입니다, 스맥과, 홀딩스에, 액트의, 스맥소액주주, 토론방",2,2,29,1,긍정,0.121
518,SK하이닉스,물삠,3분 전,와…오늘도 단타로먹음,872000원에 매도걸어놓고 일하는데 ㅋㅋㅋ또 체결 어제도 905000에 매도하고 단타한지 얼마안됫는데 진짜 적중잘되네 ㅋㅋ 사랑해요 하이닉스~~ㅋㅋㅋㅋㅋ,2026-02-11 13:43:21,"원에, 매도걸어놓고, 일하는데, 체결, 어제도, 매도하고, 단타한지, 얼마안됫는데, 진짜, 적중잘되네",0,3,9,-3,부정,0.25
519,현대차,촉좋은급등베테랑,3분 전,내일 숏커버링? 상승 가자~,오늘부터 외인들 숏커버링 들어오나보다 좀더 오르면 커버 힘들듯하니 이제 올라 타는듯,2026-02-11 13:43:21,"오늘부터, 외인들, 숏커버링, 들어오나보다, 좀더, 오르면, 커버, 힘들듯하니, 이제, 올라",2,0,9,3,긍정,0.182
520,SK하이닉스,달려라주식,3분 전,다 삼전으로,심전 20 만들자,2026-02-11 13:43:21,"심전, 만들자",0,0,2,0,중립,0.0
521,삼성전자,별이뜰까,3분 전,100원 올리는게,넘 힘들어 보이네요,2026-02-11 13:43:24,"힘들어, 보이네요",0,0,2,0,중립,0.0
522,위메이드,ㅣㅣ광,3분 전,박 관호 책임~/오늘 물러날까?,주가 반토막낸 책임. 혹시 주총 참석자 실시간 전달 바람..,2026-02-11 13:43:25,"주가, 반토막낸, 책임, 혹시, 주총, 참석자, 실시간, 전달, 바람",0,0,9,0,중립,0.0
523,이수페타시스,쵸이스,3분 전,호가상으로 상승절대 불가...,매도 우위시 절대상승... 매수 우위시 절대하락... 현 호가상태로보아 상승 절대불가하니... 상한가에 매도 걸오놓기 운동 하제이....,2026-02-11 13:43:25,"매도, 우위시, 절대상승, 매수, 우위시, 절대하락, 호가상태로보아, 상승, 절대불가하니, 상한가에",4,3,7,4,긍정,0.5
524,마음AI,온디바이스로봇양자마음ai,3분 전,시총1200억,유동주식수570만주 메이저급 세력하나들어오면 뒤에 0하나는 그냥찍을텐데...뉴스만 많은 요란한빈수레,2026-02-11 13:43:26,"유동주식수, 만주, 메이저급, 세력하나들어오면, 뒤에, 하나는, 그냥찍을텐데, 뉴스만, 많은, 요란한빈수레",0,0,10,0,중립,0.0
525,신성델타테크,소뿔,3분 전,앞으로도 오늘 같은 경우는 비일비재 할 겁니다.,초전도 관련 호재라도 신성을 제외한 이웃한 종목들이 오르고 신성은 배제되는 현상. 돈 안 쓰겠단 얘기죠. 세력왈 내가 미쳤나? 개미 좋아라고 주가 상승 시키냐? 머 이런 거겠죠. 한마디로 둋 같은 현상이죠.,2026-02-11 13:43:26,"초전도, 관련, 호재라도, 신성을, 제외한, 이웃한, 종목들이, 오르고, 신성은, 배제되는",5,0,21,9,긍정,0.192
526,삼성중공업,믿음의보답삼중,3분 전,ㅋㅋ,공시떠도 이모양이구나 마이너스 복구 되려나 두자릿수다 마이너스가 신발,2026-02-11 13:43:26,"공시떠도, 이모양이구나, 마이너스, 복구, 되려나, 두자릿수다, 마이너스가, 신발",0,0,8,0,중립,0.0
527,코스피,클라쓰,3분 전,내가 매수 했다,ㅋㅋㅋㅋㅋㅋㅋㅋㅋㅋ ㅋㅋㅋㅋ,2026-02-11 13:43:26,,0,0,0,0,중립,0.0
528,시공테크,그냥보통사람,3분 전,김민석 사노비들 악성매물,하나증권으로 계속 나오네.,2026-02-11 13:43:26,"하나증권으로, 계속, 나오네",0,0,3,0,중립,0.0
529,이마트,핥핥핥,3분 전,대단하네,역시 잡주,2026-02-11 13:43:27,"역시, 잡주",0,0,2,0,중립,0.0
530,이미지스,매일매일즐겁게,3분 전,2260 2260 2260,2260 2260,2026-02-11 13:43:27,,0,0,0,0,중립,0.0
531,HLB,수삐수삐,3분 전,호위무사들아~~,요새 날 의심하는 똥개미들이 늘었노라 당장 쳐죽이지 못할까! 나는 보통주주가 아닌 10잡주 사장들이 만나자고 줄 선 인플루언서니라^^♡♡,2026-02-11 13:43:27,"요새, 의심하는, 똥개미들이, 늘었노라, 당장, 쳐죽이지, 못할까, 나는, 보통주주가, 아닌",1,2,11,-1,부정,0.214
532,한올바이오파마,가즈앙고고,3분 전,너무나 괴롭다....,몇달째니... 신이시여 견딜 수 있는 힘을 주소서....,2026-02-11 13:43:27,"몇달째니, 신이시여, 견딜, 있는, 힘을, 주소서",0,0,6,0,중립,0.0
533,이마트,ㅎㄹㄹㄹ,3분 전,공매 팔라 내가 했지? ㅋㅋㅋㅋ. 대박난다고.,ㅋㅋㅋㅋㅋㅋㅋㅋㅋㅋ 난 3%수익 넘었어 3월까지 홀딩간다,2026-02-11 13:43:27,"수익, 넘었어, 월까지, 홀딩간다",2,0,2,3,긍정,0.5
534,이마트,BLACK,3분 전,라스트 댄스,그리고 폭락,2026-02-11 13:43:28,"그리고, 폭락",0,1,1,-3,부정,0.5
535,이미지스,미림팀장,3분 전,대한민국 로봇최고 전문가들 들어오네,로봇손 시작한다 시총4백억대다.,2026-02-11 13:43:28,"로봇손, 시작한다, 시총, 백억대다",0,0,4,0,중립,0.0
536,삼표시멘트,ㅡ3인데손절해야하나,3분 전,아직도 -20..ㅡㅡ;;,기다려야하나 그냥 탈출해야하나.. 오늘좀 본전나오나했더니 다시 꺼지니~~~ 도통 갈피를 못잡것네..,2026-02-11 13:43:28,"기다려야하나, 그냥, 탈출해야하나, 오늘좀, 본전나오나했더니, 다시, 꺼지니, 도통, 갈피를, 못잡것네",0,1,9,-1,부정,0.1
537,에코프로비엠,내가사면폭락하네,3분 전,이차,"2대 악주! 에코, 포스코 공매도 타겟~~~~",2026-02-11 13:43:28,"악주, 에코, 포스코, 공매도, 타겟",0,1,4,-1,부정,0.2
538,현대무벡스,뭐라는거야짜증나게,3분 전,로봇에 투자?,할꺼면 대장주를 사라 레인보우 로보티즈 얼마나 잘가냐ㅋㅋ 여기서 모하노ㅋㅋㅋ,2026-02-11 13:43:29,"할꺼면, 대장주를, 사라, 레인보우, 로보티즈, 얼마나, 잘가냐, 여기서, 모하노",0,0,9,0,중립,0.0
539,NAVER,스나이퍼,3분 전,개잡주 헬지도 피지컬 Ai 이빨털고 상한가,개이버는 개잡주 축에도 못들어가는거 인정? 개잡주 헬지도 이빨턴거로 기대감을 주는게 요즘 시장이다 ㅋㅋㅋㅋㅋㅋㅋㅋㅋㅋㅋㅋㅋㅋㅋㅋㅋㅋㅋㅋㅋㅋㅋㅋㅋ 그런데 개이버는 이빨 아무리 털어도 애널들이 결과를 보여줘야 한다고 레포트 씀 ㅋㅋㅋㅋㅋㅋㅋㅋㅋㅋㅋㅋㅋㅋㅋㅋㅋㅋㅋㅋㅋㅋㅋㅋㅋㅋㅋㅋ 기관이 버린 종목의 표본임 ㅋㅋㅋㅋㅋㅋㅋㅋㅋㅋㅋㅋ,2026-02-11 13:43:29,"개이버는, 개잡주, 축에도, 못들어가는거, 인정, 개잡주, 헬지도, 이빨턴거로, 기대감을, 주는게",5,1,20,8,긍정,0.231
540,우진,혼솔,3분 전,한번만보아주세요~간청드립니다,https://petitions.assembly.go.kr/proceed/onGoingAll/48D00A5CC21244EBE064ECE7A7064E8B 무자본 갭투기 기업사냥꾼 행위로부터 소액주주 보호 제도개선 요청안 입니다 동의 좀 부탁드려요 비회원으로도 동의 가능합니다,2026-02-11 13:43:29,"무자본, 갭투기, 기업사냥꾼, 행위로부터, 소액주주, 보호, 제도개선, 요청안, 동의, 부탁드려요",1,1,11,1,긍정,0.154
541,우리넷,리하루,3분 전,야는 사지말고 쳐다도 보지말고,유턴해서 좋은 종목들 사시오,2026-02-11 13:43:29,"유턴해서, 좋은, 종목들, 사시오",1,0,3,1,긍정,0.25
542,성우하이텍,전라도목포뒤돌려차기곡갱이,3분 전,8000 뚫지마라 쏟아진다 ㅋㅋㅋㅋ,개인매물 8-1 만원 사이 죽음이다,2026-02-11 13:43:30,"개인매물, 만원, 사이, 죽음이다",1,1,2,0,중립,0.5
543,브리지텍,따스한종목신호관람자,3분 전,공포다,이제 무서워지기 시작한다 공포에 사라... 지금인가??,2026-02-11 13:43:30,"이제, 무서워지기, 시작한다, 공포에, 사라, 지금인가",0,1,5,-1,부정,0.167
544,알테오젠,신기한타이밍용자,3분 전,여기 지금 본질을 파악 못하는 사람들이 태반이다.,배당 금액이 문제가 아니라 경영진이 회사 돈을 어떻게 쓰느냐. 이게 핵심이다. 지금이 배당줄만큼 회사가 성숙된 단계냐? 배당 안줘도 되니 ir이나 잘하라고 생각하면 개추,2026-02-11 13:43:30,"배당, 금액이, 문제가, 아니라, 경영진이, 회사, 돈을, 쓰느냐, 이게, 핵심이다",4,3,15,5,긍정,0.318
545,한국알콜,이준천하,3분 전,열심히 물량 넘겨주시네,싸게 준다니 외인은 급할거 없구만~,2026-02-11 13:43:30,"싸게, 준다니, 외인은, 급할거, 없구만",1,1,3,0,중립,0.4
546,LG생활건강,날카로운발견디자이너,4분 전,악플,주주면 이렇게 까지 악플을 달지 않을텐데 오를까봐 무서운 사람들이 공포를 조장하는건가요?,2026-02-11 13:43:31,"주주면, 이렇게, 까지, 악플을, 달지, 않을텐데, 오를까봐, 무서운, 사람들이, 공포를",1,2,8,0,부정,0.273
547,아세아제지,몰망맨,4분 전,9시 5분에 2억 매수했더니,9시 7분에 공장에 불이나? 하?,2026-02-11 13:43:31,"분에, 공장에, 불이나",0,0,3,0,중립,0.0
548,금양,호구놀리미,4분 전,조희팔이 밀항한 뒤에,현실파악 못하고 희팔교주님 해외에 지사 설립하러 가셨다. 밀항한것이 아니다 라고 믿는 완전 세뇌당해 머리가 돌아버린 놈들이 있었는데 지금 금양 찬티 꼬라지보니 세월이 지나도 저지능자 들은 계속 보충이 되는구나 이러니 대한민국이 사기치기 쉽고 좋은나라제,2026-02-11 13:43:31,"현실파악, 못하고, 희팔교주님, 해외에, 지사, 설립하러, 가셨다, 밀항한것이, 아니다, 라고",2,2,29,0,중립,0.121
549,신세계,주식공주님,4분 전,물렸네,다시 오를까요,2026-02-11 13:43:31,"다시, 오를까요",1,0,1,2,긍정,0.5
550,미국 USD,달러만세,4분 전,토요일에 일본가는데 ㅋㅋㅋ,"950 원 돌파네 ㅋㅋㅋㅋㅋㅋㅋ 유로 제일 비쌀때 유럽가고, 엔화 오르니 일본가게 생겼네 ㅋㅋㅋㅋㅋㅋㅋㅋㅋ 좀 편안하게좀 가보자 ㅋㅋ 갈때마다 환율이 시가여 ㅋㅋㅋㅋㅋ",2026-02-11 13:43:32,"돌파네, 유로, 제일, 비쌀때, 유럽가고, 엔화, 오르니, 일본가게, 생겼네, 편안하게좀",1,2,11,-1,부정,0.214
551,현대약품,리플장기투자자,4분 전,조작질패가망신,앗싸~내려가니 조쿠나 얼릉 니자리로 돌아가라,2026-02-11 13:43:32,"앗싸, 내려가니, 조쿠나, 얼릉, 니자리로, 돌아가라",0,1,5,-2,부정,0.167
552,웨이비스,가나다라마바사아자차카타,4분 전,2만에입성,rf시스템 다 팔고옴....,2026-02-11 13:43:32,"시스템, 팔고옴",0,0,2,0,중립,0.0
553,한국비엔씨,pgUp,4분 전,이놈,이거 잡주중에 개잡주 맞네 탈출은 지능순 두번다시 관종에서 삭제 일부남은주 떠리로 던지고 끝내야 할것 같다... 에라이 욕도 아깝다...,2026-02-11 13:43:32,"이거, 잡주중에, 개잡주, 맞네, 탈출은, 지능순, 두번다시, 관종에서, 삭제, 일부남은주",1,1,16,1,긍정,0.111
554,셀트리온,불가사리,4분 전,오늘은,238000원 시마이,2026-02-11 13:43:32,시마이,0,0,1,0,중립,0.0
555,한국항공우주,반도체대세1등주,4분 전,"★ 한국항공우주: 12배 폭등: 이젠 장기간, 폭락 불가피!","★ 한국항공우주: 12배 폭등: 이젠 장기간, 폭락 불가피! 12배 폭등에 따른 폭락 시점: 너무 올라 고평가: 하락! --------------------------------------------------------------------------------------------- ★ 반도체) 엔비디아 3일간 12% 폭등: 삼성전자 10% 폭등 전망: 매수 적기 AI수요 폭증: 반도체 제조업체만 폭등: 삼성전자 대박 1. 삼성전자: 자사주 3.6조 매입(2200만주): 대박: 매수 - 기간: 1월30~4월29: 보통주만 매수: 보통주 매수 유리 - 1일 100만주씩 매수: 지난번 자사주 매수시 급등 했음 2. 삼성전자: 26년 영업이익 245조: 목표가 30만원: 매수 - 엔비디아 영업이익 120조(시총 6600조): 세계 시총 1위 - 삼성전자 영업이익 245조(시총 981조): 70만원 적정가 3. 삼성전자: 엔비디아+AMD+구글 HBM 모두납품: 대박 - 엔비디아 HBM 신규 납품: 200조원 전망: 매출 폭발 - AMD+구글 HBM 납품: 100조원 전망: 폭등 청신호 반도체 D램 가격: 25년 7배 폭등: 26년 100% 또 오른다 반도체 수요급증, 반도체 없어서 못판다: 폭등 사유 충분 ★ 삼성전자: HBM+파운드리+휴대폰(3개업황): 다 좋다 목표가 30만원으로 본, 지금은 저가 매수 절호의 기회!",2026-02-11 13:43:33,"한국항공우주, 폭등, 이젠, 장기간, 폭락, 불가피, 폭등에, 따른, 폭락, 시점",27,8,71,38,긍정,0.33
556,제일바이오,흐름따라서,4분 전,오늘부로 나올 물량 잠기겠네요,"매도포기자도 있을것이고, 이미 매도한자가 대부분일터이고, 매도물량은 없어지고, 어찌되는겨..",2026-02-11 13:43:33,"매도포기자도, 있을것이고, 이미, 매도한자가, 대부분일터이고, 매도물량은, 없어지고, 어찌되는겨",0,4,4,-4,부정,0.5
557,삼성전자,한가로운가을풍경,4분 전,신고가 가자!!,삼성전자는 차세대 HBM4E. HBM5 기술준비선두로 치고 나가는 기술력 최고!! 신고가 가자!!,2026-02-11 13:43:33,"삼성전자는, 차세대, 기술준비선두로, 치고, 나가는, 기술력, 최고, 신고가, 가자",3,0,6,6,긍정,0.333
558,그린리소스,불꽃1,4분 전,서남은 상한가 가겧네 주가가 이런데. 그린리소스는. 주가 이게 되는냐,안 좋은 서남이 주가가 더 좋네 서남은. 부자들. 그린리소스는 거지들. 이 차이,2026-02-11 13:43:34,"좋은, 서남이, 주가가, 좋네, 서남은, 부자들, 그린리소스는, 거지들, 차이",2,0,7,2,긍정,0.222
559,KODEX 200선물인버스2X,ABCD,4분 전,시장이 화가 났어,여기 저기 불기둥이여 저PBR주들 광풍은 언제 오려나..,2026-02-11 13:43:34,"불기둥이여, 주들, 광풍은, 오려나",0,0,4,0,중립,0.0
560,키다리스튜디오,기술이곧양산,4분 전,간다 상,추매 2500주 상간다.,2026-02-11 13:43:34,"추매, 상간다",0,0,2,0,중립,0.0
561,트루엔,페소니아,4분 전,대주주 지분 50이상,구성모 지분까지하면 어차피 반절인데 아무리 외쳐도 개미이야기는 안들어준다 오늘 만주 사라고했나보다 자전거래하네,2026-02-11 13:43:34,"구성모, 지분까지하면, 어차피, 반절인데, 아무리, 외쳐도, 개미이야기는, 안들어준다, 오늘, 만주",1,1,10,1,긍정,0.167
562,우리기술,Djiejdidi,4분 전,고만좀팔아,이건 8시까지라 졸 불안하네 와 일을못하겠다 상따가 원래 이래불안하냐 주포니들만믿는다,2026-02-11 13:43:34,"이건, 시까지라, 불안하네, 일을못하겠다, 상따가, 원래, 이래불안하냐, 주포니들만믿는다",1,3,4,-4,부정,0.5
563,엔알비,모듈러엔알비,4분 전,외국인.기타법인 팔아치우네요,오후에는 떨어지나요?,2026-02-11 13:43:35,"오후에는, 떨어지나요",0,1,1,-2,부정,0.5
564,현대차,BLUE4125,4분 전,5천원 뚫리면 공매도 친 놈들 다 죽음...,5천원 뚫리면 공매도 친 놈들 다 죽음...,2026-02-11 13:43:35,"천원, 뚫리면, 공매도, 놈들, 죽음",0,2,3,-3,부정,0.4
565,대호에이엘,주식이제일어려워1,4분 전,3월에있을 감사보고서.......,바로 정리매매 수순인가요~~~~ 3월 무섭네요 ~~~~,2026-02-11 13:43:35,"바로, 정리매매, 수순인가요, 무섭네요",0,0,4,0,중립,0.0
566,유한양행,고들빼기,4분 전,하루종일 옆으로 기다가,오후 늦게 내리꽂을라고 하나? 준비하고 있을께,2026-02-11 13:43:36,"오후, 늦게, 내리꽂을라고, 하나, 준비하고, 있을께",0,0,6,0,중립,0.0
567,SK하이닉스,뿌꾸뿌꾸빰빰,4분 전,오늘 하닉만 퍼랭이네...,너만 퍼랭이야...,2026-02-11 13:43:36,"너만, 퍼랭이야",0,0,2,0,중립,0.0
568,이마트,WoooooooK,4분 전,ㄹㅇ,반등없냐 와 ㅋㅋ,2026-02-11 13:43:36,반등없냐,1,0,0,2,긍정,1.0
569,육일씨엔에쓰,혁신적인데이터황소,4분 전,얘는 올때마다 떨어져있어 ㅋㅋㅋㅋ,나는 정찰주 1주인데 싸다고 몇천 몇만주씩 넣어서 물타기하려는 넘들 많이도 물렸겠다..^.^ 열심히 찬티질 하는거 같은데 ㅠ 내가볼 때 이건 글렀어 주포가 다 나갔어 정원오 테마주도주 삼표시멘트도 폭락간 마당에 이게 뭐라도 오르겠어? .. 물렸으면 뭐 묵혀둬~ 언젠간 오르겠지모 진짜 이것이 잡주 중 GOAT다 물린이들 화이팅하자,2026-02-11 13:43:36,"나는, 정찰주, 주인데, 싸다고, 몇천, 몇만주씩, 넣어서, 물타기하려는, 넘들, 많이도",1,1,35,-1,부정,0.054
570,보성파워텍,골든벨현인,4분 전,폴더인사,하게 생겼네. 우기처럼 기관이 사줘야 가는데ㅠㅠ 외인이 독식하며 독불장군,2026-02-11 13:43:36,"하게, 생겼네, 우기처럼, 기관이, 사줘야, 가는데, 외인이, 독식하며, 독불장군",1,0,8,1,긍정,0.111
